id,frames,Wadell_Sphericity,Convexity,Krumbein_Sphericity,Zingg_S_I_Ratio,Zingg_I_L_Ratio,Potticary_Flatness,Potticary_Elongation,Tensor_Compactness,Tensor_Flakiness
7,41,0.8804619632903175,0.9178890421375362,0.8610768167299518,0.9978725476698442,0.8031115335960912,0.0018561772238980564,0.08214757600462579,0.7433486813926324,0.025560256470197516
8,35,0.8838746477946986,0.922422788112447,0.8647476465587037,0.9981641227548773,0.807555177440382,0.0015997843260669874,0.07893142373446957,0.7476025343854389,0.02396593160011571
10,38,0.8806251893080338,0.9182872439685158,0.8612443903116279,0.9978679960424249,0.8034388022880032,0.0018607992064466493,0.08203835677669707,0.7436843297098573,0.0256165379967686
13,40,0.8743648634754334,0.9105069309287495,0.8547559664914774,0.9973073872652921,0.795715573715837,0.002348750254087564,0.0876453703785517,0.7364455048774932,0.028630056150850205
17,43,0.881102594728272,0.9188463973088004,0.8617826362349325,0.997934265570207,0.804091561330508,0.0018019699750261174,0.08156301170946603,0.7443243029510513,0.025305560489329287
28,62,0.8842172216070009,0.9226938871367705,0.8651050561671091,0.9982107227498834,0.8081967814327919,0.0015610579866915941,0.07879568618464182,0.7482649787565774,0.023767968539153483
30,71,0.8785620481463032,0.9158367711624874,0.85910687980717,0.9977124821056019,0.8009607644930279,0.0019940886931079957,0.08381902417504643,0.7413724136083563,0.026557185733966985
32,53,0.886667731691159,0.9260576561080557,0.8677984436092753,0.9983642318032004,0.8113682106749653,0.0014263144031348121,0.07642069081944154,0.751245410973924,0.02274508415862615
39,66,0.8841094455761642,0.9224910424433826,0.8649644290910291,0.9982122399590232,0.8078864339279803,0.0015570062807657651,0.0787929431142577,0.7479325081749001,0.023727442445544422
41,42,0.8837656445005708,0.9219328791931206,0.8644377091144542,0.9981995062394575,0.8074123173543852,0.0015664495763808696,0.07921627648623591,0.7475182676481474,0.02381722457985988
43,58,0.877294229381901,0.9137827056492727,0.8577717120328165,0.997618252580816,0.7991310668318239,0.0020777666779597187,0.08507488237087985,0.7396327168865504,0.02702178322671939
44,69,0.8701475405296505,0.9059319724566463,0.8504664196318887,0.9967544187198986,0.7908787008834213,0.0028349792280803537,0.0913551746003599,0.7319744877071686,0.03120524248755169
50,33,0.872861577513225,0.9089118340216537,0.8531911218608317,0.9970878796143965,0.7938499858934587,0.002541955476368053,0.08897283870771705,0.7346907139118357,0.029635274801822133
55,38,0.8724209342070247,0.9084609098969686,0.8527867137573143,0.9970362945036455,0.7934729775337324,0.002588399980191348,0.08937342770128363,0.7344178258716777,0.029887233533507414
57,49,0.8718336329375379,0.9079283652260424,0.8521841014739627,0.9969404935836792,0.792815045134662,0.002672643310183452,0.08984264677547546,0.7337607155566371,0.030316214286561345
58,60,0.8724370001991991,0.9083630766266066,0.8526849801727101,0.9970748207785867,0.7934637624923497,0.0025514799441831806,0.08937215984585772,0.7343896802139696,0.029722061489967068
60,30,0.8707137551844084,0.9065913724117229,0.8510260859219464,0.9967911026694558,0.7915048925843957,0.002804952615406364,0.09095014218824454,0.7324944446861595,0.0309799863799869
63,65,0.8701610962105477,0.9059694102356273,0.8504479465391851,0.9967345866290006,0.7908078366762972,0.0028518447005707356,0.09133958116353275,0.7318842627157252,0.031224491704925993
68,58,0.8718814962058908,0.9079039842592349,0.8521758912105388,0.9969131296331232,0.7927849211104929,0.0026975745180000863,0.08983557877770389,0.7337102122595399,0.030282798540763933
70,64,0.869179397147057,0.9047595821085903,0.8494919771492463,0.996621229431846,0.7896405442120278,0.0029509651293564173,0.09222718067916041,0.7307632597559992,0.0317448344689676
71,62,0.8705716715661159,0.9064193442702896,0.8508771433226552,0.9967657977884467,0.7912367941582039,0.002827150203908483,0.09100949441093995,0.7322587815481316,0.031045160355255896
72,43,0.8725505220536259,0.9084018138987424,0.8528230283839966,0.997053634036671,0.7934131067093104,0.002572316049029016,0.08925600888499294,0.7343117689477734,0.029698000419642524
73,58,0.871948493624646,0.90771023601793,0.8522358892894053,0.9970050833441995,0.792781849430032,0.002614275665513964,0.08985020651156643,0.7337053889109407,0.030037285705901303
85,79,0.8733350780048097,0.9096777924154168,0.8537161050509131,0.9971058693799105,0.7946031403868166,0.0025289975132586225,0.08856253343892384,0.7354067258250638,0.029536204798247374
86,36,0.8560927539658785,0.8888281054349534,0.8363165042899612,0.994570558721369,0.7736056716474768,0.004743192073268195,0.10396837505949548,0.7153993623451308,0.039226070517040273
87,33,0.8687583900535144,0.904176604727136,0.8490209922301447,0.9966048652475531,0.7890626910614642,0.0029628263307838803,0.0926031235111765,0.7302353584381389,0.031886174749997546
89,34,0.8713816095535475,0.9073732341264746,0.8517586414129483,0.9968483231284402,0.7923501436024496,0.0027560360580941453,0.09034931498119629,0.7332036471660712,0.030665773285122884
91,40,0.8751515392450291,0.9115807454389264,0.8554849957795986,0.9973984198136763,0.7968053197207516,0.0022649876449981495,0.08688766679849969,0.737438206764481,0.028150721568499352
96,45,0.8617364357793958,0.8960545868683069,0.8419724284508928,0.9955369125713002,0.7807890389063588,0.003896261655932499,0.09886884132781659,0.7223234211224405,0.036034784639800733
97,49,0.8633361734793458,0.8977796330908737,0.8436071655804286,0.9958890676498413,0.782742250455569,0.0035891451083848044,0.09758603824190346,0.7241579959484561,0.03502141743634684
105,32,0.8469293926028741,0.8791252850937303,0.8276061516157899,0.9921530485153198,0.7636506247193846,0.006873511191871431,0.11190360964062701,0.7059487768262955,0.04588651278620235
109,40,0.8571201406946151,0.890393932805755,0.8373191563956496,0.9949156154285778,0.7752874975335109,0.0044276778030002285,0.10312493127512644,0.7170166595030729,0.038575778834168746
110,51,0.8517438907091677,0.8841641626220657,0.8320321151599592,0.9938796867023815,0.7687051557514766,0.005327899791558998,0.10787423475679143,0.7106547194460388,0.042040034900047395
113,53,0.8424197020703339,0.8742224830628812,0.8234007073264016,0.9917922236702659,0.7586267566027707,0.007140040850370294,0.115845644689468,0.7011201509163002,0.04855211681903486
118,30,0.8621606783852513,0.8958440689772434,0.8422923655749535,0.9957302483645353,0.7807655971344203,0.0037185424718902344,0.09847738207822822,0.7221868919844451,0.03523400383578711
128,77,0.8504261446426956,0.8832858290107332,0.830838521799773,0.992475997317921,0.766782229893828,0.006603858918727686,0.10871869756514767,0.7086260190252258,0.04434598316820289
129,58,0.844142166099394,0.8762167100103528,0.8249285531417464,0.9918070164593783,0.7605688131018862,0.0071510408177144,0.11434978857097854,0.7029680608825606,0.047660557204222284
136,40,0.8446200735818876,0.8764737002518537,0.8253943803312613,0.991906231099909,0.7607144754226893,0.007062817781439258,0.11393548422549143,0.7030052290394131,0.047289544383238694
138,30,0.8392407554382125,0.8712525223981001,0.820461538280458,0.9903566187078302,0.7554737035542318,0.00842319678566936,0.11850988290396079,0.698246059349246,0.05153728566611019
139,46,0.8411335859259553,0.8736302854680911,0.8222768485754243,0.9905765056610107,0.7574679786211824,0.008247931112742258,0.11681190456252499,0.7001121278043503,0.05071363366460288
141,34,0.8467692347433854,0.8791515224793303,0.8274018423682815,0.9917548894882202,0.7629699511070775,0.007236099814892643,0.1118952441646392,0.7052178409050488,0.046495041557727136
153,37,0.851360761423564,0.8839841518798248,0.8317037572528997,0.9930727481842041,0.7679241405774471,0.006062940002367314,0.10797584092760659,0.7098299268355799,0.04308911634416011
154,38,0.8535155010545667,0.8862987348302461,0.8338633196828358,0.9936396967280995,0.770610028750276,0.005571384435623056,0.10613351665347454,0.7123810810276,0.04149151616404013
172,35,0.8514676448992798,0.883576667954883,0.8316984942635255,0.9934752420945601,0.7678422290984899,0.0056954151627400685,0.10813847004649149,0.7097615487760268,0.0425705484587114
177,60,0.865270563564901,0.8991199055783932,0.845436370167343,0.996318600394509,0.7848460821256247,0.003212890953161857,0.09615230703928383,0.7261991235850717,0.033303531765910895
179,36,0.8696682384297806,0.9044718371957613,0.8496752344392577,0.9968644705685702,0.7900857762114644,0.002732690617752572,0.09211202504405056,0.7311879414138371,0.030761753952713456
182,30,0.8719212706934615,0.9067710737508317,0.8519579508205511,0.997190616347573,0.7922830516344881,0.0024434960634809816,0.09004761278629302,0.7332336086726637,0.029318779462256764
192,79,0.8670848492020133,0.9020562650630309,0.8473737291858982,0.9963014234196056,0.7873048815008712,0.00324045576983028,0.09437527139502834,0.7285115503940714,0.03299538539746819
193,62,0.8624346370226421,0.8971037110085442,0.8427776131952593,0.9956150488419966,0.7819549302532249,0.00383614017886834,0.09837941358606499,0.7234656468160028,0.03595189437892282
201,35,0.8624380956737352,0.8956413480451084,0.842504200897267,0.9957187609239058,0.7809214983900932,0.0037418719342288873,0.09852728463080991,0.722309575274697,0.0350543167881691
204,30,0.871811430628908,0.9064804823291875,0.8518342179403625,0.9972178719260476,0.7923689509091312,0.002417892398726609,0.0902234418205468,0.7332422907001422,0.02924067577630234
205,37,0.8723573396546677,0.9065795532120777,0.8523428858633838,0.9973205002871427,0.7924045716246515,0.0023264431866765437,0.0897361113723502,0.7331879287241657,0.028690290077461843
217,37,0.8767845246232288,0.9129908192730417,0.8571561001657104,0.9976537444374778,0.7985840921532619,0.00204317311808053,0.0856100536254515,0.7391655897610396,0.027044591229146195
220,37,0.8700077998685501,0.905337670920558,0.8502735837012162,0.9967799945311113,0.7907455408409851,0.0028138182371751303,0.09172990882253071,0.7317705451793399,0.03106831322219058
227,46,0.8822027246993539,0.9201088858489163,0.8629406517869487,0.9980566176501188,0.8054412146137186,0.0016924251815200679,0.08056075422160595,0.7455385951472131,0.024669066997919573
230,53,0.8753640231484746,0.9117778971146842,0.8557407770631872,0.9973791295831854,0.7968434732254237,0.002286759153422382,0.08676988658416701,0.7374775879871613,0.028219239465593432
232,36,0.8822788150234021,0.9199565357466829,0.8629201787582829,0.9980666420676492,0.8053979416416117,0.0016857735980819496,0.0805875272995018,0.7456169603756303,0.024536211106012774
233,65,0.879594120789424,0.9171564992820371,0.8602225282947236,0.9977604909376665,0.8023649535767019,0.0019570706192300552,0.08298360816685549,0.7427240861216781,0.026226807340992836
236,45,0.8695213573277139,0.9050553715028534,0.8498541760779822,0.996673356403004,0.7899996613802975,0.0029065910590967783,0.09194248196590377,0.7311167260904023,0.03152101740335453
239,77,0.8688493748911411,0.9045460320668327,0.849176671455835,0.9965692650188099,0.7893786430358887,0.0029966710943780425,0.0924927667680993,0.7305761705756288,0.03202630710246325
241,77,0.8701502181950129,0.9060798671537778,0.8504836296071425,0.9966674501245673,0.7908927120574534,0.0029151659206642457,0.09136561959622853,0.7319565561994351,0.03139912856391293
247,34,0.8487323539468913,0.8813686434431481,0.8295329320257028,0.9928649989041415,0.7661183158012286,0.006248743661368887,0.1104183821793062,0.7083921717360823,0.04468766625585676
249,44,0.8578374760882636,0.8915933649875541,0.8380940789511142,0.994640512899919,0.7761767220823732,0.004695471499063488,0.10235690711492514,0.7179202145588925,0.03870326314539001
254,59,0.8469403264031039,0.8792810386304165,0.8275802577080685,0.9920449473641135,0.7632708141248521,0.006966903999758263,0.11188034982566372,0.7054172438106664,0.04621623936720087
260,42,0.843666155296532,0.8757693130813734,0.8244737782299174,0.9918256564573809,0.759933298581267,0.007120577670219871,0.11479262558810681,0.7022434236871317,0.04805066937999298
264,37,0.8524755069847489,0.8852356256684389,0.8329530856705593,0.9937493692744862,0.7701961063358882,0.0054727603112243945,0.10722472545612288,0.7122954524036452,0.041892407612648695
265,46,0.8500721349679081,0.8828300781971878,0.8305167426294314,0.9924979426644065,0.7665026530827561,0.006574823534012669,0.10910846239112945,0.7083182893845984,0.044514378160154564
266,56,0.8686077713768794,0.9040590934175742,0.8488776283995901,0.996557127345692,0.7891181968662837,0.003008998025001751,0.0929599892662232,0.7301612491055446,0.03215159222535678
273,66,0.866923910356794,0.9021421553724948,0.8471702093867959,0.9963151866739447,0.7871543691582876,0.0032210876686602,0.09443412595484629,0.728302103574312,0.033145320207595
274,37,0.8564241150544758,0.8893762440237363,0.8366652825957928,0.9944104931571267,0.7743694422996208,0.004901494630353732,0.1037896666900221,0.7161848872234646,0.03932743901547644
280,50,0.8653368915673154,0.9003495355058828,0.8455907336456897,0.9960588867014105,0.7853683755822378,0.0034468114802924297,0.09577815342380339,0.726704950989931,0.03405009661925402
281,44,0.8709098383875092,0.9062689743481015,0.8511369771080619,0.9969661777669733,0.7917892116389862,0.0026465792422338077,0.09098932129072855,0.7327229579192052,0.03041603179749873
282,35,0.867026554195686,0.9009215600164617,0.8468373779387683,0.9966054071079601,0.7863540616753983,0.0029498855292331427,0.09447091153587202,0.7275722458133403,0.03191092735491118
286,30,0.8670183538455136,0.9020493963134989,0.8473186256871498,0.9963362650437788,0.7873356521946111,0.0032068374599071425,0.09441850881978689,0.7285307870431905,0.03300191615623781
290,50,0.8737147486393203,0.9098281623376049,0.8539683601316209,0.9972365661100908,0.7951105604433033,0.002411644999584597,0.088374944156911,0.7358800381858369,0.029026744224724007
295,47,0.8729577503274912,0.9088799036184236,0.8533183809439011,0.99711735682054,0.7939365318376725,0.0025156535137082553,0.08893562655851064,0.7347060918820754,0.029502455021382126
298,31,0.8723040652708949,0.9080905543478757,0.8526629808771257,0.9969878521832553,0.7931583188984492,0.0026328669595790818,0.08955599295805734,0.7339366259173129,0.029943408531251457
302,87,0.8670898698245678,0.9024409769174521,0.8474590422436548,0.9962767145850442,0.7872667818853301,0.0032579607569560823,0.09413101371512354,0.7285065568096394,0.03315411334975923
317,32,0.8468945829531629,0.8787814763333693,0.8275689422809139,0.9923600391908125,0.7635450559119656,0.006684765607739489,0.11202099883412739,0.7058114532544131,0.04560828115685142
318,32,0.8376335983738209,0.8703800674462772,0.8192806287246637,0.9890658530321988,0.7544400561345768,0.009607915598381724,0.11965505258146537,0.6974351693318082,0.053826608214953935
322,59,0.8490526696658687,0.8807737231007957,0.8295119326980995,0.993227937004783,0.765273495896222,0.005900672927964479,0.11028823148773376,0.7072897244821438,0.04381939492597934
334,32,0.8496823115188984,0.8818691339495914,0.8300483365751231,0.9926671114834872,0.7659825151913786,0.006423226214893576,0.10948821471398133,0.7079759451246123,0.044025338621102944
336,36,0.8642988499618243,0.898184332387627,0.8444294550402615,0.9961456927386197,0.7837460432967094,0.0033590125515022213,0.0968296795365322,0.7250954279350251,0.033811753716123244
344,39,0.8658870960145939,0.9012877076829584,0.8462296079258299,0.9960421974008734,0.7862441817375079,0.0034692288156495327,0.09532437967248708,0.7275546547772728,0.03407642729526653
354,56,0.869757940219421,0.9057460211742696,0.8501377985753605,0.996618086641485,0.7904522761906663,0.0029581236691835025,0.0916960499731891,0.7315050907705524,0.03171352763283093
357,42,0.8607790030582521,0.8945828180496559,0.8409335143484158,0.9953240698034113,0.7791335648053312,0.004083583816989428,0.09976178479481891,0.7206054578419696,0.03657817193637664
358,47,0.8723982298361393,0.9084260092236706,0.8527251894115293,0.9970203638076782,0.793438973492139,0.0026030717320585004,0.08941229872674826,0.7343437165390833,0.029922364573977518
364,55,0.8649163307513332,0.8989564169634051,0.8450705397759388,0.9961869283155962,0.7840380684970176,0.00332216806580416,0.09622199169124464,0.7252928447559255,0.03367159066891077
371,33,0.845278165629393,0.8778377967805429,0.8261044628576351,0.9913444844159213,0.7617474761727738,0.007597538810740742,0.11313691304390687,0.7041034203975288,0.047677554871642006
372,46,0.8459946642526156,0.8783034484943146,0.8269204893601125,0.9922194264151833,0.7628374916233429,0.0068113926617014734,0.1127249548234135,0.7052823035404447,0.046547710132045526
374,59,0.8648110650317737,0.8995088871960369,0.8450215939747583,0.9960102276368574,0.7844078557132041,0.0034878319452723693,0.09626850539661315,0.7257056099054596,0.03425819797451853
387,51,0.8702080111390847,0.9059767121495441,0.8505583114263631,0.9966994198885831,0.7908527263223308,0.0028872754288992533,0.09136568476636725,0.7318428386630499,0.031298556323319564
390,62,0.8766526496041305,0.9130974395923546,0.8570261569580603,0.9975752830505371,0.7984815411371728,0.002112331437981791,0.08561721049159406,0.7390061355308787,0.027273276120483036
393,54,0.8725577740639825,0.9086526779582282,0.8529165517051771,0.9970199303193525,0.7935775224476644,0.0026045768204817753,0.08922920618430677,0.7344576043113015,0.029893980961077787
394,46,0.8737384013500215,0.9100457965007059,0.8540138323598144,0.99716271053661,0.7949496474984574,0.0024768386049092645,0.08818699347685617,0.7357718249413825,0.02919214918722517
397,32,0.8520235393854535,0.8839637931537344,0.8323684201809738,0.9939113313501532,0.7687995695088008,0.005314989170680444,0.10760898044310419,0.7109357788061765,0.04151125830293616
398,43,0.8481998890326388,0.8803193336610314,0.8287791140576289,0.9925234101035378,0.7645857089186368,0.0065445568567762775,0.1108226621725473,0.7066846495866966,0.04498318083321508
400,70,0.8577268550379793,0.8909191136821378,0.8379766616581746,0.9949155070564963,0.7759926368112433,0.004441131281459497,0.10253485714096619,0.7177374380196225,0.038155979421547075
403,46,0.8450580950074206,0.8765959763696495,0.8257811047904812,0.9924471161582253,0.7612614501012516,0.006573965456078036,0.11368448439850863,0.7036066722370914,0.04635818270972627
404,45,0.8456056775740317,0.8779661371997273,0.8262934568060645,0.9919966134158048,0.7619307531069404,0.006987837156177395,0.11311308447136935,0.7041355382246716,0.04708455041969176
408,46,0.8458586053813886,0.8778473882776371,0.8264677143842458,0.9920925227078524,0.7619428242722603,0.0069066720574887264,0.1128198306962668,0.7042181026036338,0.04649745019256227
422,31,0.8713601324459532,0.9062876622972789,0.8513979161212372,0.9971511689099398,0.7918304907132503,0.002474498715148204,0.09047142012291642,0.7327920736673675,0.029558750992539927
423,34,0.8699237881178048,0.9044638545949537,0.8499911716913939,0.997007196599787,0.7900181992413247,0.0025983094981509363,0.09172609340713683,0.7310004550165233,0.030303717913477437
427,61,0.8563870182322675,0.8891991416709369,0.8364223956361712,0.9943299185145985,0.7734213169306925,0.0049544875510036945,0.10374379876148268,0.7149463080484741,0.039462199787256604
432,59,0.8810725267776401,0.9187189850990122,0.8617863203274945,0.9979327483610674,0.8040211821255618,0.0018035612657614467,0.08161226848521863,0.7442468456470764,0.02531651851392779
433,57,0.8704977568451746,0.9061986160758678,0.8508511967850402,0.9967687238346447,0.7912409975104135,0.0028261264281657836,0.09116469413401132,0.7322966873935934,0.031059895639281004
443,31,0.8444646574214782,0.8763337881555298,0.8253092251631859,0.9917355992577293,0.7604482631160789,0.007220175466500223,0.11397450336490768,0.7027637211377885,0.04753769154960392
451,32,0.8619474134960751,0.8962125062269175,0.8423100492192509,0.9955968965183605,0.7815089438059559,0.0038514388207760123,0.098880358668695,0.7229653237030742,0.03594953630014121
457,35,0.8749543403480271,0.9114564891410853,0.8553509474402364,0.997363415631381,0.796573865903567,0.0022989381395746022,0.08708362748105841,0.7372776176287673,0.028410390098345055
459,40,0.8746726834227195,0.9109197984681894,0.8550431678216303,0.9973473223772916,0.7961352622672304,0.002312904097683107,0.08738969015069753,0.7368211586154525,0.028475479211667085
460,55,0.8734378334130919,0.9095463579649116,0.85376457718305,0.9971442872827704,0.7946115470912358,0.002493880229950365,0.08849013533936924,0.7354068960608967,0.029284746210377185
462,42,0.8710225234715103,0.9071768868988603,0.8513312340458654,0.9967721375552091,0.792028641047543,0.002823712763428274,0.09065660403435488,0.7329815461493986,0.030968040706771595
463,42,0.8707447156901612,0.9064382797419726,0.8510062970818992,0.9968728694048795,0.7914561768100687,0.002726599250713156,0.09083631365414124,0.7324333300221442,0.030676642836627743
464,32,0.8567006955725338,0.8901296406503371,0.837108952600042,0.9946161833676425,0.774962599963358,0.004711011191830039,0.10344254683299235,0.7167802019311581,0.03926610730027428
466,33,0.8698599704266675,0.9056689797943831,0.8502821097440024,0.9967047843066129,0.7906367925748434,0.0028803165154790296,0.09164695908506232,0.7317486982474495,0.03149031904543333
469,37,0.8455738245131582,0.8779350112446406,0.8262687207560054,0.9918153069236062,0.761897180178394,0.007159335965601106,0.1130565523383129,0.7041561935057316,0.04715144691192681
471,31,0.8611547687641091,0.8953404225588529,0.8414334983389695,0.9954220381650057,0.7800868635308253,0.004003008918112351,0.09945726251027669,0.7216947401914963,0.03653094536010404
475,71,0.8557129159772828,0.8895898559461203,0.8362562956915198,0.9943538687445901,0.77440500912601,0.004947756274810268,0.10432089811348053,0.7163349784828155,0.04035302633929327
484,38,0.8726735273062113,0.9087846074537447,0.8530290217881048,0.997056018222462,0.7938589314891868,0.0025722389206445464,0.08919638413262654,0.7347199377298189,0.02978774644249119
491,34,0.8467345366630643,0.8789905090893988,0.8275279962235823,0.9925699017264626,0.7632827775119102,0.006485726244540678,0.11218651913734802,0.7055893522377406,0.04601419209934429
500,34,0.8575086253109435,0.8895380618618111,0.8377995620657311,0.9950903112238104,0.7752025682632238,0.004287740086308784,0.10303523346602197,0.7168510200376494,0.03777371426751062
508,61,0.8730243014686859,0.9090221671785513,0.8533556955385645,0.9971185489134355,0.7940718474453443,0.0025154811090841475,0.08888443245227078,0.734897663939379,0.029496926355816033
515,63,0.8680944406130289,0.9034800763962103,0.8484205377724364,0.9964694543318315,0.7884514805388778,0.003087778456069322,0.09326688137399143,0.7296664870298245,0.03241895249762951
519,44,0.8659424902167786,0.9004204507037542,0.846099612088286,0.9962052431973544,0.785337065997189,0.0033124826344040534,0.09520848346761909,0.7265515685044773,0.03334368591141198
521,34,0.8665350910322952,0.9020864628087214,0.8469342695731482,0.9961593476208773,0.7868553383709633,0.0033619860381198428,0.09460385269429308,0.7281691493888076,0.033660574865965395
524,38,0.8685578440748095,0.9040056285563517,0.8489016802610304,0.9965489452535455,0.7889122864971423,0.003015050531959989,0.09280291145824524,0.7300893528387781,0.032114397414559424
527,65,0.8444131681479471,0.8767397869454376,0.8252698053727728,0.9916850436817516,0.7609577848486704,0.007272280325802664,0.11411447697375193,0.7034238389525439,0.047891778926101365
535,37,0.8724554649332606,0.9070357371900081,0.8523763584758041,0.9973245100541548,0.7928596114459103,0.0023229057357336083,0.0897057894841734,0.7337264414089442,0.028739484728674693
542,49,0.8778921297434473,0.9148125230340687,0.8584200070639366,0.9976415525783192,0.8000131241262776,0.0020581798162311316,0.0844737648604864,0.7404918403899798,0.026885969805682197
543,56,0.8745419798822173,0.9109418898518195,0.854966170287085,0.9972343444824219,0.7961026593430403,0.0024191607759955027,0.08754177948078476,0.7368061778621562,0.0288309984078229
550,63,0.869140292075827,0.9042770988644337,0.8492850364070508,0.9967193061655218,0.7892860615090149,0.002858595110915808,0.092395064881049,0.730317809326546,0.031416694986934654
559,50,0.8670710145976409,0.9026822494798437,0.8474225697272911,0.9962602420286699,0.7874345387497994,0.003271756677552023,0.09403679546821547,0.7287819416420134,0.033220699283379854
560,53,0.8693395550065458,0.9046440509790739,0.849526186580179,0.996704025702043,0.789638927538101,0.0028749147669360456,0.09220830503716525,0.7306794469809289,0.03144804515683147
570,34,0.8761079678416619,0.9125288803968549,0.8563681780264915,0.9975280328230425,0.7977255844090083,0.0021523800064136996,0.08616571200181201,0.7383094170120473,0.027608560256221087
576,57,0.8538297362417836,0.8866757734869919,0.8340472611614658,0.9936013330112804,0.7705409967736023,0.005602860312339746,0.10589675946408006,0.7122420550973885,0.04156455160563007
582,31,0.8634186790433248,0.8973980152677733,0.843690057663073,0.9959398399699818,0.7828487892673441,0.0035488923765822416,0.09765001754444765,0.7243186418294475,0.034693817820742455
588,35,0.8419452532389334,0.8746101033067439,0.8233336568417736,0.9917755343697288,0.7596520512071374,0.007176240298172666,0.11631571097546312,0.7025425847908358,0.04937219739647629
593,38,0.8548414474712112,0.8875483522000678,0.8348834975431404,0.99383883042769,0.7712907023625832,0.005384361319657829,0.1051556446466101,0.7127490741530782,0.04089322860449798
610,45,0.8550533177430112,0.8883641244980949,0.8351645938056191,0.993280985138633,0.7716781113245716,0.005902372119534346,0.10476561914007346,0.7130387587954169,0.041501649041622395
618,37,0.8655023489728338,0.900911906638741,0.8459566166669875,0.9960094690322876,0.7857293788700888,0.0034959590282394653,0.09549868609531816,0.7271636230690738,0.034274525774229236
633,40,0.8800115576624834,0.9175088475688433,0.8606329888360212,0.9978222088380293,0.8026338064507264,0.001900198594537667,0.08256399541734212,0.742908565019277,0.02589861549733304
635,36,0.8597801223086861,0.893607765019237,0.839931546431346,0.9952715093439276,0.7781383403360027,0.004121976393637144,0.10055213268980921,0.7197492283476996,0.03706970677778369
641,63,0.841260384537804,0.8732911796353376,0.8224408959542197,0.9910820614207875,0.7576063120201844,0.0077885055345379645,0.11684646843427633,0.7002419609995846,0.05000514474184687
646,59,0.8689728822059819,0.9043931250389615,0.849241879894182,0.9966087124564431,0.7895600877396047,0.0029660237067016875,0.09261186815888048,0.7306724105665018,0.03185558472647673
647,59,0.8723206891100198,0.9081780535536262,0.8526501391830525,0.9970605156638406,0.7933651992719468,0.0025660944908546903,0.08950455594493681,0.7342672806501057,0.029810314303663817
648,44,0.8747589265612669,0.9112025310502788,0.8551476907906029,0.9973074956373735,0.7963086236013126,0.002349593734834343,0.08728937553354055,0.7370003034569536,0.028601289756402467
700,35,0.8689487274330252,0.9045807470982514,0.8491984602318444,0.9965656887401234,0.789459476732228,0.003001667277809853,0.09250843722418128,0.7305387754376659,0.03197642452780798
701,46,0.8685161171229121,0.9040484499498308,0.8489184691971343,0.9964637647975575,0.7890014191196391,0.003095247284767942,0.09286052186086952,0.7301496730689065,0.03231225394669461
703,54,0.8714397929904847,0.9070171730020836,0.8515911730910597,0.9969735470685092,0.792143263228952,0.0026387944041440883,0.09027180398803158,0.7331139328821266,0.03011145143640189
713,50,0.8745352857188112,0.910398577951897,0.8547442826550666,0.9973506819118153,0.7957617028118813,0.0023098903701692405,0.0876977612455207,0.7364024352117664,0.028391075880330525
718,31,0.8819637988504545,0.9199350012886905,0.862721079870255,0.9979821660301902,0.8052029707660415,0.0017626688220641678,0.08086099305066717,0.7453449802599145,0.025015361519882977
719,31,0.8830079209877061,0.9212446428661346,0.8638214656886232,0.998125433921814,0.8065437862317857,0.001632329052275357,0.07976685159177664,0.7466712876341323,0.024291232720858685
727,32,0.8418447850031483,0.8731212554352025,0.8229286171795314,0.9920199134133079,0.7581851351751041,0.006931282916209764,0.1164365719599896,0.7007902906173943,0.04823236422516471
738,53,0.8496229566033652,0.8820267439050701,0.8300548626819472,0.9928975105285645,0.7660228781504175,0.006206561339139524,0.10967423398810695,0.7079112555081057,0.044231448428973794
739,38,0.8443933087965092,0.8763399762181712,0.8251972287493019,0.9919328364458951,0.760582447052002,0.007033727558640142,0.11416470537702719,0.7029040522093857,0.04754422411394687
745,54,0.8822374785643701,0.9200609902440712,0.8630274911116238,0.9980529329993508,0.8053229279714089,0.0016981944241302295,0.08050726138683685,0.7455218552903101,0.02465555408704543
751,34,0.8693919926198928,0.9051389103485135,0.849743442781548,0.996620470827276,0.7900458443654728,0.0029559695976786315,0.09208917402359375,0.7311994607051976,0.03178211053056524
752,45,0.8651646284290009,0.8997322762573946,0.8453856875796689,0.9960906939073042,0.7846527279239812,0.0034151588592471346,0.09592552680567085,0.7259628362489897,0.03392984724040484
754,53,0.8594298502084669,0.8930481785145674,0.839702869543035,0.9952663616700606,0.7779221910319916,0.0041298857023422085,0.1010407665407801,0.7195643522331572,0.03726296090347604
760,45,0.876252896479402,0.912552023751134,0.8565688031814379,0.9975681304931641,0.7980206812897774,0.0021179803524218085,0.08608532167342771,0.738621629529608,0.027434116593581494
761,59,0.8644664829704497,0.8992593226297059,0.8448042851434955,0.9959607015956532,0.7844081790479895,0.0035358223701930707,0.09665405193725263,0.725792089708579,0.03460137968804433
765,47,0.8610371188422485,0.8952119583784157,0.8412636090419687,0.9954236095601862,0.7799339800664824,0.003996232666799592,0.09952774105301822,0.7215421521399294,0.03650534955244077
766,62,0.8634459577592043,0.8985012230754974,0.8438798936898022,0.9956930767406117,0.7832532810838255,0.003772658981486327,0.09737560386399187,0.7247567721180854,0.03551357339498274
776,54,0.8833092141256714,0.9216302210493256,0.8641821909803343,0.9981117790395563,0.8070278184054649,0.00164870029160132,0.07958614664623535,0.747143578579908,0.024283167224750348
778,31,0.8676231715092462,0.903183791956936,0.8479804466009617,0.9963776089928367,0.7880677899269208,0.0031682539362615594,0.09360399465244935,0.7293680636147296,0.032805029216986026
786,49,0.8688133937628338,0.9038603328455297,0.8490662539387632,0.9966183033856478,0.7892582547174742,0.002957120408407516,0.0928741957408836,0.7303098082423991,0.031793160639404065
787,41,0.8673266200703602,0.9012242181602568,0.8474442006136194,0.9966805089603771,0.7871451002277741,0.0028926491666223025,0.09428466712853993,0.7283572032388979,0.031819030894214964
788,58,0.8818068207185837,0.9197488024838083,0.8625702952246828,0.9979873137040571,0.8049975992882088,0.0017566508354826106,0.08092731847820511,0.7452036845185974,0.02501042869351898
791,55,0.8717678069973789,0.9079149371301103,0.8521307347617078,0.9968958984721791,0.7928519053001928,0.002714608252669374,0.08996402912111166,0.7337693975841156,0.030451088809461905
796,51,0.8588863957092894,0.8927601860792327,0.8391516766658698,0.9948746507818048,0.7771994300084573,0.004484555548212181,0.10151941158685338,0.7187038100977867,0.03820505490491951
822,32,0.8533971817163656,0.8861572138376353,0.833565276594572,0.9931661107323386,0.769746185982064,0.005997490551736619,0.10624552634825188,0.7112723917931214,0.042103876362191706
826,41,0.868799168665596,0.9041295754510607,0.8490473598069097,0.9966842477971857,0.7892154128584143,0.0028913411402350497,0.09269389958984879,0.7303033392807485,0.03176044365048911
828,36,0.8704681351721031,0.9062886523873015,0.8507600944389718,0.9967900189486417,0.7912203579732817,0.0028033078674020036,0.0911050871553191,0.7322605406517384,0.031020053857967682
839,32,0.8718623620554887,0.9071837556483924,0.8520284748781661,0.9971222335642035,0.7927535576363134,0.0025059773534950283,0.09012988712414201,0.7335590428399139,0.029708763442320343
847,39,0.8692712187551095,0.9049394690895783,0.8495818163778648,0.9966126138513739,0.7897983315872821,0.0029599420053677424,0.09215457522007355,0.7309560234641334,0.031773030302240005
850,39,0.8742159183396498,0.9104659659540628,0.8544510815170272,0.9972860379652544,0.7954508703048915,0.00236371000452588,0.08777279577341424,0.7361887892414618,0.02871270627047394
857,33,0.8617049174266925,0.8948055883047493,0.8419044832580712,0.9958266453309492,0.7804271733924135,0.003640332317445427,0.0993003565144826,0.7219543498366872,0.03529909294910915
860,31,0.8755803004111836,0.9119229453030006,0.8559250343211796,0.9973669377240267,0.7970763820491424,0.0022996042842148906,0.08665752141590577,0.7376117338234961,0.02813580572714028
864,38,0.8488151942190406,0.8807312729910751,0.8293338857675687,0.9928552454168146,0.7651851716106886,0.006243451194475508,0.11033752381083475,0.7072817233979969,0.044241942421224
868,43,0.8683588600675661,0.9039082284503748,0.8486768453549625,0.996497089212591,0.7889149809536868,0.0030634548068822673,0.0931248223207083,0.7300080368559237,0.03239363294268721
880,62,0.8768313279823758,0.9134668669320513,0.8572269926325816,0.9975770711898804,0.7986880442867541,0.002108729680508582,0.08539249792874576,0.7391382385372185,0.027257284157413512
885,44,0.8426029547935733,0.8747695078003885,0.8237759584687856,0.9917957457629117,0.7595853364630922,0.007151926117431786,0.11569347834012593,0.7022726475051149,0.04859099081303811
886,34,0.8430340589169201,0.8750569433100855,0.8239712680044641,0.9914850971915505,0.7592566127646461,0.00743371575501644,0.11538448893880268,0.7016331849714196,0.04873374305241968
887,45,0.8494229126869157,0.8820831790363605,0.8299297614245212,0.992540261962197,0.7655657905421844,0.0065260586690985495,0.10955127571002544,0.7074386808359419,0.04471584764454244
905,48,0.8544300353452171,0.8872989732756159,0.8347088715557028,0.9939260699532249,0.7714599681227174,0.005315576214343309,0.10539716518068887,0.7132141017033163,0.040938010434468666
914,51,0.8564932880763378,0.889046110881813,0.8366933343291575,0.9947676333514127,0.7740376469207138,0.004564522099422498,0.10378194106630531,0.7157455085387185,0.03878371588225935
920,35,0.8732441489518782,0.9083641904778822,0.8533610637877262,0.9973328005183827,0.7939805592576119,0.002319060560289977,0.08884432911872862,0.7347952387132437,0.028618643121770104
927,42,0.8551262283394415,0.8876961231359465,0.8352175921086178,0.9936554106799039,0.77147882931853,0.005561562106271999,0.10479679416461161,0.7129803679047281,0.04079297233923906
940,52,0.8422283047816173,0.8742277429161265,0.8232021347373112,0.9913946065035734,0.7585157988822624,0.0075099730424376,0.11605715141238936,0.7010616465350561,0.049181214682045254
948,32,0.8742207716081192,0.9098876296195896,0.8544235034527061,0.9973737109791149,0.7955181239402458,0.002287326865674307,0.08800543539495352,0.7362072882019716,0.028381793427791246
952,30,0.8803555260921619,0.9174706672223453,0.8608271405140374,0.997943639755249,0.8028018327608502,0.0017875870107673109,0.08225521337555114,0.7430250630742665,0.02529855486477134
953,52,0.878510503088077,0.9156443842949636,0.8590170932084453,0.9977236986160278,0.8009402327341577,0.0019841793724077027,0.08389034992959125,0.7413946010119126,0.026496688193647755
956,30,0.8472177994762828,0.8790528228801985,0.8278406704223065,0.9928147142583673,0.7634469776937407,0.006258937627232323,0.11176367157913114,0.7055550213447699,0.04513609845049903
963,44,0.8704344412162929,0.9056401434224738,0.8505725741275674,0.9969418482346968,0.7908721264094523,0.0026603019796311855,0.09121671175382222,0.7318204810236607,0.03047936408796125
994,37,0.8772983016646396,0.913759933578752,0.8575695079810578,0.9976596507159147,0.799006367382938,0.0020362852180066207,0.08508545770702591,0.7394834200610865,0.026863997783711666
995,33,0.854888083476273,0.8870565249813225,0.8350850700361742,0.9946898763830011,0.7720164811774477,0.004617352872931709,0.10506469083119586,0.7139273898432178,0.03930836132756941
1001,57,0.869252921375133,0.9049675628939707,0.8495621327976051,0.996581185947765,0.7897897093263391,0.0029886848545478037,0.09216189204928385,0.7309058606387019,0.03182950502515843
1006,40,0.8362010474049358,0.8686154176228047,0.8179769336267683,0.9892821095206521,0.7531260774560171,0.00938606674834672,0.121067644960909,0.696242553831704,0.05428576190408721
1009,47,0.845584869882778,0.8778583411485126,0.8263009302509758,0.9918478727340698,0.7618055686558762,0.007128449894177417,0.11298633447612623,0.7040880991725667,0.04706380438201887
1021,36,0.8444537794059435,0.8765622514282534,0.8252940151238943,0.9917646429755471,0.760551245245215,0.007180509778360526,0.11395258250006708,0.7028031023604688,0.04767434095109738
1022,33,0.8695068533070008,0.904653023669904,0.8496227098053026,0.9966645782644098,0.7899689445756886,0.0029170864371634605,0.09225605105061127,0.730975941056584,0.03137264983088656
1025,31,0.8777359883820023,0.9137223720385181,0.8579271807389318,0.9978076327930797,0.7992752202569622,0.0019014421171353508,0.08471080050410994,0.7397466614040462,0.02617413334995443
1033,30,0.8652770345895268,0.8994022049960977,0.8454812108368116,0.9962563948197798,0.7849616204222587,0.003268261637357581,0.09603199703865739,0.7263188561208865,0.03345595646167312
1034,40,0.8463823120985183,0.8779712732917196,0.8269972237451891,0.9926590377634222,0.7624680816310727,0.0063912102422263055,0.11252780922924178,0.7046807468522112,0.045566048796436366
1036,45,0.8732397419609692,0.9094498860683309,0.8536160029930149,0.9970924854278564,0.7943987928024709,0.0025409261773650846,0.08867089953049119,0.7351883132514376,0.029540287199568385
1037,41,0.8713518205263907,0.9074052882909576,0.8516754861808352,0.9968795342878862,0.7923965960332793,0.002726776784078942,0.09036374720464269,0.7333399493229561,0.030599665828437275
1038,44,0.8625410184361025,0.8965637406624483,0.8426586696354013,0.9958226897499778,0.7816031420067566,0.0036390694634368024,0.09825762244592229,0.7230832403900047,0.03517153099823428
1045,38,0.8593971045924725,0.8932380282764082,0.8396596077703786,0.9950724298303778,0.7779686434628212,0.004310332587920129,0.10114870013960872,0.7195270138404718,0.03772844493273823
1052,39,0.8488990944003959,0.881109239857217,0.8293830947182179,0.9928123842586171,0.7653406417533144,0.006280017939085762,0.11021717233830186,0.7074630245600483,0.04436722032182418
1084,36,0.840778739480742,0.8727283134574682,0.8220535399362748,0.9913055788386952,0.7574942226279273,0.007587069865419633,0.11725843850388583,0.7004034013144629,0.04990932296471019
1087,43,0.8478392409791402,0.8795965060638794,0.8284014419401328,0.9930319460955533,0.7642380701352474,0.006071410316508263,0.11118265016969427,0.7065010786135398,0.04446686269214761
1090,37,0.8495356535556119,0.881944690194444,0.8300421788775553,0.9925975907932628,0.765800854931139,0.0064822099003423415,0.10961302145417913,0.7076679885028744,0.04452231907170246
1101,45,0.8694466616210418,0.9047270947797226,0.8496508667984549,0.996695030819286,0.7897556513956148,0.00288509196575938,0.09218120018401776,0.730709011270578,0.031467933547168016
1113,41,0.8722032065422444,0.9081275589624718,0.8524800919963705,0.9970441514795477,0.7931719528485652,0.002577503573977285,0.08955663873488644,0.734104194722176,0.029889589806715692
1118,40,0.8612374974668683,0.8942993429000494,0.8412743455402922,0.9955743009393866,0.7791300620118233,0.0038561434549693433,0.09955779041152402,0.7205214748310663,0.03582074114267534
1119,52,0.8403599079903064,0.8727664938039661,0.8216103436010692,0.990366047078913,0.7566498877250984,0.008430309955858521,0.11753613438950962,0.6992666231675537,0.05138454499501352
1129,48,0.8484980024429861,0.8807362853218147,0.8289702658317017,0.992393201047724,0.764682170462935,0.006660556368943717,0.11056701749204152,0.7066625189284181,0.04505098733441332
1130,33,0.8382143728339868,0.8706295082513554,0.819731245874887,0.9898377331820402,0.7547613970220906,0.008892513733978072,0.11931516068527497,0.697625152521338,0.052854877532713
1131,30,0.8420291534202886,0.8732573928133152,0.8230795070848911,0.9917804111133922,0.7582387548603424,0.007159647635287709,0.1162839553442346,0.7008919781549204,0.04838922160347584
1134,31,0.8552206718281613,0.8877338084374331,0.8355685808699865,0.9944317882711237,0.772748295574972,0.004867536837183353,0.10495102226016031,0.714531046106724,0.03988301032094849
1143,44,0.8803294188548786,0.9177861965364347,0.8608588237100704,0.9978885325518522,0.803072356197932,0.0018404398773175974,0.08230151972138737,0.7433420989404265,0.02557433813667366
1144,30,0.8693284538522308,0.9048294453358128,0.8496699188199897,0.9966072494333441,0.7897364668650171,0.002966514685087734,0.09222726362297333,0.7307259213633138,0.03178709752412943
1147,35,0.8490748161898035,0.8807153696700865,0.8294770390785483,0.9933435700156472,0.765354437370823,0.005795282809736414,0.11025864424475702,0.7074338574873427,0.043574667515519465
1148,39,0.845268180168979,0.8768969637365314,0.826024781198509,0.992330399426547,0.7612864007688549,0.006685233506787982,0.11352117988000432,0.7035410746961426,0.04667746224338142
1151,37,0.8664770191647481,0.9016182739892665,0.8467633276782726,0.9962854927236383,0.7866959343217823,0.0032469513211658015,0.09482818016086715,0.727943927381865,0.033370175477878385
1155,33,0.8763966536385459,0.9126497951408695,0.8567698493755342,0.9975347518920898,0.7979742827480787,0.0021505206402960336,0.08592048269438456,0.7385190340676396,0.027461158665489843
1164,42,0.8687503570574272,0.903860827890541,0.8489725727279016,0.9966579133814032,0.7889133103906292,0.002914603337153999,0.09270810668008872,0.7300414598244521,0.031713300130590136
1166,35,0.8458540310363946,0.8778590218354031,0.826475450978626,0.9920926310799338,0.7619167419329083,0.006907021600960029,0.11282881232629338,0.7042348424605369,0.046551740171739686
1176,37,0.8635469838419398,0.8981665726478458,0.8438487894226004,0.995832768353549,0.7832192231531012,0.003644239235048493,0.09740950418523994,0.724667965758583,0.03508991366656084
1186,30,0.8519812545866056,0.8847243679329994,0.8323344738995099,0.993419430472634,0.7688686553746054,0.005747314083338197,0.10763461008129348,0.7105808938398326,0.042722039673057016
1190,39,0.8799863987650158,0.917267760648331,0.8605056244931645,0.9978606809269298,0.8025807795459277,0.0018643713750255604,0.08263474648975463,0.7429065221892821,0.02572107888756258
1192,35,0.8830889203649188,0.9210177266090713,0.8638128343860494,0.9981417439200662,0.8062553716032472,0.001616409832624615,0.07970375504838415,0.7463208855447216,0.024113504720314222
1214,40,0.8607740382203926,0.8951212413800915,0.8411314027488876,0.9953163753856312,0.7797893955282968,0.004095534574136966,0.09973397491926168,0.7213944441822394,0.036889467224723735
1218,31,0.8569381710193619,0.8905158995204187,0.8371344254686134,0.9942628903822466,0.7745793404644483,0.005023373653077417,0.10317607206034372,0.716138185859969,0.039687672563622156
1225,39,0.8761929279322231,0.9128889018813365,0.8566171700537872,0.9974831125952981,0.797978108876372,0.0021931704670552993,0.08592974277864018,0.7385619334975335,0.027705875242509677
1232,36,0.8775188743488676,0.9145093698452623,0.8579533904260156,0.9975965239784934,0.7995036562828168,0.002094081994275459,0.08473027452646967,0.7399542356296436,0.027091552386137866
1235,31,0.8484565544145639,0.8800969346896964,0.8289388457851374,0.9929950454018333,0.7645354842486447,0.006107907625846565,0.11079424799206744,0.7065648035603266,0.044357665227710605
1240,36,0.8751455702826587,0.9117640977349937,0.8554506810888785,0.9973736026070334,0.7967421077702144,0.0022865208641936383,0.08690210494650415,0.7373217654547691,0.02829503382324641
1246,40,0.8747027513733515,0.911117692711464,0.8551239020786313,0.997282786802812,0.7962392682898536,0.002374084265385237,0.08733885151794157,0.7369739736481299,0.028660622701917604
1270,38,0.8742541308557591,0.910455260605693,0.8545525519521627,0.9973293326117776,0.7955246445250839,0.0023250432374576726,0.08771022651568952,0.7362569403199043,0.02860126086722903
1279,34,0.8760252949235978,0.9126764038102279,0.8564373863367629,0.9974386258558794,0.7977787190920687,0.0022362305931488257,0.08616995398538657,0.738406167710419,0.02791764191165374
1284,42,0.8427328773483449,0.8749024273859277,0.8237434858243465,0.9911805174567483,0.7587952140259417,0.007709453477420741,0.1154733454606619,0.7012014101538769,0.04924201194753887
1291,34,0.8666966435091601,0.902409789081739,0.8470905277276697,0.9961557713421908,0.7871034978187248,0.003365898873501768,0.09444261584655347,0.7283283198925804,0.033629517198949604
1292,49,0.8716721362453681,0.9073811548466557,0.8519638453686503,0.9968767707998102,0.7923552630698845,0.002732095683717893,0.09013382103069718,0.7332128399010485,0.030392201840561666
1294,33,0.8703720181425318,0.9061551139954982,0.8507170431858905,0.9967690489508889,0.7911734205402741,0.0028234281182651306,0.09120773604835371,0.7322608243781266,0.031094701676549964
1313,31,0.8633893362937285,0.8978603254277188,0.8436982679264968,0.995847615328702,0.7831004515086135,0.0036323267462042472,0.09762718429766504,0.7245726904374299,0.03508398416371334
1318,40,0.8681319279281026,0.9038675109981937,0.8484663784098861,0.9964274059642445,0.7886340569143426,0.0031234336654759115,0.09313459784151559,0.7298363823910707,0.03255959221620366
1324,31,0.8443750114165328,0.8767478314268715,0.8252413852301518,0.9911998076872393,0.7605266179123971,0.007712987574955655,0.11399983677519372,0.7027965199082629,0.04832364679092544
1329,39,0.8693193051622425,0.904643184650304,0.8496279727946769,0.9966662580316717,0.7896950261233604,0.00291231059236452,0.0922088737947395,0.7307415830599417,0.031558322354125604
1333,32,0.8640084906240888,0.8990442874529142,0.8444889794500842,0.9958189509131692,0.7837987468667227,0.0036613317529877853,0.09688430396189171,0.7252121529711252,0.0351547265271619
1334,34,0.8626468420026124,0.8966365741597385,0.8429886590691668,0.9960121241482821,0.7819795036969119,0.0034710017821958494,0.09814321922968668,0.7234976511525902,0.03492060324892596
1350,32,0.8593852782371219,0.8931054180940011,0.8397154480876394,0.9952039393511686,0.7782733864980202,0.004195583699685004,0.1011738913605012,0.7199954461073681,0.03743897541492115
1361,33,0.8621412653113739,0.8948524319389454,0.8420960034414001,0.9960478869351473,0.7805137732257583,0.0034329583545008465,0.09884659461228243,0.7221199325568329,0.03444953277575081
1364,35,0.8653737652507435,0.8996924251339834,0.8455734710405421,0.9962597001682628,0.7847982824665227,0.003260548996169948,0.09585577698357133,0.7260245751110592,0.0335446841411582
1386,36,0.8769827276447416,0.9138009604340651,0.8573653566232307,0.9975573474710638,0.7988750395709521,0.002129275222412414,0.08527065346758049,0.7394297957737191,0.027329723759801368
1388,34,0.8804470687767391,0.9177476449061782,0.861020555373541,0.997860464182767,0.8031873556032574,0.001869442516989592,0.08235464523355644,0.7434179673766276,0.02562991729521561
1389,30,0.8747174785328447,0.9111657739581884,0.8550883242704613,0.9973426081917502,0.7962740806684103,0.0023177949446512177,0.08726759093353546,0.7370792361381471,0.028504050604194142
1391,33,0.8414011851081103,0.8741180904461193,0.8225730496174071,0.9901712482625787,0.7578013906740162,0.008627403553368317,0.11640764826751615,0.7004072599933422,0.0509077327986182
1397,30,0.8712960916160357,0.9070854892136456,0.851471545342583,0.996986985206604,0.7921175581135163,0.0026214338108224585,0.09036685759762682,0.7330489027939542,0.030238605327701992
1417,30,0.8678620973581455,0.9030232736120158,0.8480379710748223,0.9965608661825006,0.788269389165591,0.002998736201940725,0.09354422771068939,0.7294536922386844,0.032194828484548695
1431,30,0.847909250771428,0.8798643254150029,0.8284087048654692,0.9925877831198953,0.763929985973933,0.006477371524346786,0.11117332491529992,0.7059469042321335,0.045109004016963834
1437,34,0.867494699356546,0.9027507513332849,0.8476987187797581,0.9963678555055098,0.7877841714310321,0.0031764115944194296,0.09394544470741087,0.7289049654039312,0.032811538308875565
1456,33,0.8666824741966174,0.9014209366716296,0.846984004822735,0.9963524666699496,0.786878133473331,0.0031911486391133317,0.0947892972862864,0.7281075807625711,0.03305274485132306
1458,32,0.8672122614455076,0.9025659757828101,0.847509251162285,0.9963210929523815,0.7875974455924883,0.0032185396703425795,0.09418970831187373,0.7287224725910495,0.033079425808563476
1469,36,0.8427500032497253,0.8746949416455586,0.8237529592052202,0.9915847453204069,0.759094729815444,0.007344465392331283,0.1156362826565662,0.7016528188374821,0.048771519257832414
1485,30,0.8595524649681868,0.8932902555251023,0.8397663411948884,0.9952540614388206,0.7781044979618021,0.004142134321025676,0.10095516852585665,0.7197260195291459,0.037262708123208484
1487,35,0.8434975739480908,0.8754435115832991,0.8243289933922319,0.9914902990514581,0.7597107903598106,0.007431783402959506,0.11486955005002307,0.7021661933642672,0.04818604043556195
1493,34,0.8827162228172895,0.9205405650987863,0.8633642698016821,0.9981520934538408,0.8059596819420385,0.0016066754809192692,0.0800866296133363,0.7461074665555275,0.024179260090198593
1541,30,0.8365672739279394,0.8687297111397929,0.8181453492867442,0.9898194183002819,0.7529669967416215,0.00888377435815831,0.12078994907528519,0.6959521882460337,0.05362132174852598
1548,30,0.8837568305187529,0.9224011298932019,0.8647343838254806,0.9981475960124623,0.8077547288920781,0.0016171191770505782,0.07910458079303602,0.7478555048331462,0.024115337377253996
1612,35,0.8465448129151991,0.8787717610750222,0.827226795341694,0.9920001355084506,0.7626345990455314,0.007001975124391417,0.11224444946610783,0.7048097288682809,0.04660172566407531
1622,30,0.850922739998031,0.8834894162716381,0.8312789287506103,0.9928901412270286,0.767118659737992,0.0062236183504056596,0.10838865228446132,0.7088759819732183,0.04361390262419066
1634,37,0.8726402238432664,0.9089331828377668,0.8529417614242797,0.9970364028757269,0.7939196645397031,0.0025885980285238475,0.08916383461061729,0.7348522109719916,0.02984719313912673
1686,34,0.8455315397143103,0.8776553108132454,0.8261231990998075,0.9919465455141935,0.7615830065452889,0.007032024816402959,0.11314821710069493,0.7038267871690467,0.04697440683482476
1707,30,0.8785426350724258,0.9151635718277202,0.8590157774611017,0.9977218021046032,0.8005065330087322,0.0019878063790707123,0.0840439085500786,0.740858755355183,0.026439290822752752
