particle_id,Wadell_Sphericity,Convexity,Krumbein_Sphericity,Zingg_S_I_Ratio,Zingg_I_L_Ratio,Potticary_Flatness,Potticary_Elongation,Tensor_Compactness,Tensor_Flakiness
18,0.9033084014187935,0.9495063115135202,0.8867688888087596,0.999832727692344,0.8334614610018796,0.00010803572291074993,0.06130314411887203,0.7722369320284997,0.01679461694665396
22,0.9030648479322184,0.9494403868088973,0.88655584299889,0.9998307769948785,0.8331729385950795,0.00010991778617608361,0.061498156872140344,0.7720587001341936,0.016837287536519193
41,0.9025343760167865,0.9485617706072691,0.8858680755474629,0.9998173388567838,0.8325698653312579,0.00011687398728099652,0.06198561173605631,0.7714086488085719,0.01700345938090633
60,0.9024461488771826,0.9488685455508207,0.8859892295628582,0.9998094276948408,0.8323351781662196,0.00012188208024276214,0.06193962531635559,0.7714776311528496,0.016985498412572075
64,0.9029338103892365,0.9487298586614068,0.8857262906137207,0.9998722293160178,0.8318621393752426,8.80087448725438e-05,0.06223283761955169,0.7708977723880718,0.017053331837927965
70,0.9028817946400545,0.949232869285789,0.886272957320024,0.9998316439715299,0.8327092226237467,0.00010979627445016781,0.06172899542802787,0.7717268807556584,0.01690641212609817
78,0.9024701604117197,0.9488502552913705,0.8859566516586316,0.9998197230425748,0.8323521532424509,0.00011662172962840284,0.06198961673730827,0.771288562319291,0.016988522241694667
84,0.9014680531585554,0.9471882917784591,0.8848210038114559,0.9997595765373923,0.8313013690791717,0.0001459905318673312,0.06273854012230792,0.7703167034067276,0.017272332391825185
85,0.9040028504880966,0.9504684019522033,0.8873583962485694,0.9998644265261564,0.8338403015920561,9.129869087903191e-05,0.06093458921076303,0.7727354862439614,0.016645469908962703
87,0.9022865525806518,0.9484871850944331,0.8855580328434259,0.9998240579258312,0.8319306863497382,0.000114497962082775,0.06229054873966308,0.7709868883352248,0.017076138501441393
90,0.9025132480845496,0.9487249584672861,0.8858747595439682,0.99981473792683,0.8320550624638388,0.00011854657350340858,0.062042540814503125,0.7712627076926478,0.017014732064503692
93,0.9015718628413579,0.9470746756496623,0.8845393286201461,0.9998102946714922,0.8307880751074177,0.00012144309200973819,0.06303749332226902,0.7698446639360362,0.017350816795744295
98,0.9027127157282677,0.9484788661602283,0.8857198171367904,0.9998461116443981,0.8320023050046947,0.00010178967992639325,0.06216176069644559,0.7710381024999158,0.017061576187293793
100,0.9042404704084003,0.950659566501909,0.8876024410658533,0.9998693032698198,0.8343490149876842,8.823874304653145e-05,0.060715907848024935,0.7731301818740991,0.016582781318019806
103,0.9031231299710141,0.9495156560697502,0.8866538398610385,0.9998260086232965,0.8332662745697859,0.00011211269035508546,0.061412878783352394,0.7721849477259938,0.016816023422307876
104,0.9021614486039412,0.9483339685596615,0.8854839299530365,0.9998148462989114,0.8317134053739783,0.00011928135204976166,0.06236047629850456,0.7708862203208482,0.017111472070881935
108,0.9022075307868519,0.9479356283608558,0.885178045010605,0.9998360872268677,0.8314967710677892,0.0001078006884603787,0.06257874294217809,0.7706121612784307,0.017186065862717804
110,0.9020097822137356,0.9476951199959354,0.8852613055025057,0.99978937885978,0.8315236078549739,0.00013073271030508395,0.062439035938446776,0.7706500080510488,0.0171783657305123
119,0.9019747908089021,0.9478037789516102,0.8850716799953514,0.9998199397867377,0.831304332981371,0.00011651257126585631,0.06266017599278186,0.7704801926628627,0.017216558242088117
125,0.9021781956788377,0.9479175090384098,0.8853274086490462,0.9998097528110851,0.8315693597271019,0.00012068581357501292,0.06242132150983235,0.7706689864472017,0.017155481579125054
128,0.9015192370993816,0.947505721795273,0.8847771104800747,0.999790679324757,0.8308495087166357,0.0001318707608233025,0.06290824908808053,0.7700474302207313,0.017288909390692126
129,0.9010142739735273,0.9466937140462844,0.8840838168898048,0.9997921965338967,0.830218736439535,0.00013205850235762127,0.06342814683196056,0.7694268091616076,0.017466718832501015
135,0.9017901848078074,0.9474321049254609,0.8847846891847736,0.9998212402517145,0.831185130223836,0.00011580911996134091,0.06287285577820008,0.7701632809520302,0.017282347249005642
139,0.9018718683883458,0.9479265117206314,0.88532704023979,0.9997825514186512,0.8318922633994117,0.0001350972818019929,0.062397024897207685,0.7708378666680411,0.017142870878171595
143,0.9026293685310177,0.9490239272876456,0.8862289060989615,0.999797290021723,0.8326503756928119,0.0001269850425968697,0.06171763212565915,0.7717145035407761,0.016923117971080884
145,0.9023666834522596,0.948469350666994,0.8856955021258813,0.9998161467638883,0.8320601280421427,0.00011802774457060473,0.06215705659734196,0.7710874463299136,0.017058856002513965
203,0.9031498587461801,0.9492277981546642,0.8863000617153014,0.9998560818758878,0.832867926114226,9.654624429660746e-05,0.06173230133142815,0.7716725860397078,0.016902608012106635
209,0.9026872069386902,0.9485450187808567,0.8858718122699187,0.9998288262974132,0.832447590893262,0.00011063102647312917,0.06198874582727271,0.771358699870291,0.01700792124080355
212,0.902109987393663,0.9481016081919416,0.8852188331782554,0.9998334862969138,0.8316025554317319,0.0001098974561399599,0.0625768293099231,0.7706654658171908,0.017169378038170865
219,0.9024146510674433,0.9484446217803852,0.885524086561962,0.9998409639705311,0.8319561759086505,0.00010566822917705092,0.06234133997595453,0.7708952419352514,0.01709517528979125
220,0.9020274165508784,0.9479186486184378,0.8851075209529901,0.9998293681578203,0.8314403491477445,0.00011183264379926388,0.06265224893409085,0.7705135286282793,0.017197934121717443
229,0.9027435480913223,0.9492448348760836,0.8862212747643688,0.9998312104832042,0.8326645485342365,0.00011061890735517307,0.06178837134895554,0.7716669750356279,0.016921151941538124
259,0.9035790718577672,0.9497241422358823,0.8867718360828092,0.999863559549505,0.833571825941948,9.191416453783556e-05,0.06134500112160142,0.7723657100731203,0.01678029340328034
263,0.9020757168894045,0.9480223504009906,0.8852870415205457,0.9998112700202249,0.8314436363847288,0.00012072736131408924,0.06246889571109449,0.7706741573725303,0.0171661226464486
287,0.9026534909733356,0.9491932688798141,0.8863200610749236,0.9998005411841653,0.8326990914671388,0.00012568308193294797,0.06167595285967171,0.7717508650476083,0.016899972523374936
311,0.9024241891365897,0.948521429474276,0.8858418132304855,0.9997986988587813,0.8322755228983214,0.00012611754553088555,0.06200170876031898,0.7712832813742745,0.017019960693943025
316,0.9020798204772931,0.947824861182129,0.8852019389823641,0.9998166886242953,0.8315867120272493,0.00011768014903484275,0.06252107329397316,0.7706294343694221,0.01717935415141441
317,0.9026097933077115,0.9488406258401334,0.8860479118943811,0.9998172304847024,0.8328378020900571,0.00011729287972330995,0.06183546566101441,0.7717213797712663,0.0169514019460473
322,0.9018941608522809,0.9477969984504432,0.8850548384293538,0.9998137625780973,0.8313197452728063,0.00011978285915069541,0.06267097646213439,0.7704132456828101,0.017215761738826982
344,0.9033041869231242,0.9493154318588214,0.8865324753260683,0.9998440525748513,0.8330167678937521,0.00010212343648971808,0.06150245810129556,0.7719208454653261,0.01685391319056272
345,0.9020799868389642,0.9482144835937202,0.8853955117315491,0.9998160383918069,0.8319600559260747,0.00011890308269357774,0.062397161162043184,0.7709346839933432,0.017118674839060124
346,0.9027265237469738,0.948677665896122,0.8858426026788916,0.9998426979238336,0.8320995748859563,0.00010382841638703313,0.0620723057942218,0.7711107705037363,0.01702234569861749
347,0.90190264529751,0.9476248079082046,0.8850593646002157,0.9997992407191884,0.8313074046618318,0.0001263946825121012,0.06260264853397046,0.7703914617846171,0.017219929865621115
356,0.9014106029281156,0.9472543874200862,0.8845441179404766,0.9998043342070146,0.8307665733441916,0.00012572215160212686,0.06304910545607646,0.7700540864118458,0.017342939162246433
361,0.9012806744629414,0.9471744458811183,0.8846193786885284,0.9997639114206488,0.83097954318948,0.0001448629114343526,0.0629505504326648,0.7700731198178427,0.01731857463206049
362,0.9025085345038667,0.9484765870001721,0.8855218761064249,0.9998532642017711,0.8318360570358905,9.888056764692818e-05,0.06237705321197049,0.7708322556639611,0.017093792221345726
367,0.9030806522909784,0.9488636453567001,0.8859944925522325,0.9998596581545743,0.8323253703443971,9.42065517948423e-05,0.0619774654687169,0.7712430141685238,0.016981445616566882
378,0.9015480176684919,0.9471604290467732,0.8845664856453171,0.9998082356019453,0.8307896917813444,0.00012271997608574262,0.06302530650632926,0.7698825107086543,0.017344473602352445
379,0.9017331227546002,0.947491420065921,0.8847487955972412,0.9998210235075518,0.8310023921809784,0.00011636768431344535,0.06291359303945518,0.7700950137357235,0.017290888935561712
382,0.9023052959956023,0.9483016614658661,0.8855221918857873,0.9998209151354703,0.8318057713443285,0.00011560532645186565,0.06231094699308096,0.7709305582550491,0.017099569573054328
385,0.9029475629540522,0.9490270041537214,0.8862287482092803,0.9998326193202626,0.8327811646134886,0.00010873749751125513,0.06172039296971745,0.7716938748493055,0.016925330880593722
389,0.9029884879251571,0.9488448422862372,0.8860099657409928,0.9998560818758878,0.8323286575813817,9.639795462135226e-05,0.061944981116846376,0.7713526487874597,0.016987997847013693
390,0.9030343482925062,0.949408079715102,0.8862964828825269,0.9998509883880615,0.832361691618619,9.97858028818478e-05,0.061801932662366374,0.7715022755629265,0.016915796268026594
402,0.9028092054975393,0.9488971490095248,0.8861719079240384,0.9998154965313998,0.8325927682118874,0.00011724132107499625,0.06175164501351046,0.7716124602803015,0.016938134400209942
414,0.9032732436522888,0.9492308750207399,0.886353691577025,0.9998585744337602,0.8328518671532201,9.472413552834446e-05,0.06168220919298838,0.7717174190625039,0.01689114070780293
417,0.9021234626890268,0.9480293588181631,0.8854241950236387,0.9997988072308627,0.8318656960578814,0.0001266484072807038,0.062305057982364326,0.7709650494271879,0.017121397726905317
418,0.9022148507003829,0.9477933517943534,0.8853015147413249,0.9998083439740267,0.831585418688108,0.00012099843257197386,0.06239106479179427,0.7706852693610026,0.01716163826100666
419,0.9018232907803677,0.9475977428825383,0.8850821533442063,0.9997885118831288,0.8314931604960194,0.00013174333131852714,0.06258030702550726,0.770503846895749,0.017208921181407814
437,0.9022457385173278,0.9483278148275099,0.8855646642100374,0.9998146295547485,0.8319395780563354,0.00011888902796878635,0.062268758215099924,0.7709657645551589,0.017089888994957447
443,0.903869428427828,0.9501529092214369,0.8871843491899629,0.9998598748987372,0.8337721857306075,9.359301990722695e-05,0.061025513403386945,0.7726870225714665,0.01669242125334565
446,0.9017297400672867,0.9472199721032389,0.8847624793696143,0.9998023835095492,0.8308103313184765,0.0001247831850277079,0.06287391627409371,0.7699946207705666,0.017309307622964582
447,0.9013402319412158,0.9474457229067961,0.8846887975183748,0.9997928467663851,0.831117822699351,0.0001317173177489571,0.06296636307814034,0.7700799960483329,0.017293192848275202
449,0.9023079023284504,0.9480470792875992,0.8853436186563189,0.9998307769948785,0.8316698629562169,0.00011016069866956159,0.06243932624179196,0.7706314697336472,0.017145784782635978
456,0.9026018079474959,0.9487323657374684,0.886054069591949,0.9998048760674216,0.832602037142401,0.00012297839809131497,0.0618358744555209,0.77156713216891,0.016964982146445307
459,0.9021120391876073,0.9481771623478015,0.8855652431388686,0.9997858025810935,0.8319190462974653,0.00013301631952344906,0.06220780043716889,0.7709945897133738,0.017090617921584436
473,0.9029988023487688,0.9486877511793702,0.8859385996050779,0.999852180480957,0.8323490815619901,9.799409670247567e-05,0.06198707510189837,0.7712200750636086,0.0170012852153304
475,0.9023233185099777,0.9478156305839018,0.885285357363946,0.9998276342045177,0.831609938242664,0.00011131907922390383,0.06245292902710925,0.7706344952750629,0.017168069754533794
477,0.9022085844107692,0.9481876464840595,0.8854925086257165,0.9998033588582819,0.831722081524052,0.00012416291550228684,0.06229745084980883,0.7708614658910835,0.017110636823683887
478,0.902303244201658,0.9480838877225054,0.8854610885791522,0.9998175556009467,0.8318724860883739,0.0001167378783672272,0.06231377893183604,0.7708582753201361,0.01711604836054631
489,0.9028792437610967,0.9489999391280551,0.8860291756522087,0.9998538060621782,0.8325483635680317,9.821207438815488e-05,0.06193833376269742,0.7714752657295609,0.01696453884372531
501,0.9029584873704583,0.9491688818672139,0.886244537177403,0.9998416142030195,0.832595031555385,0.00010448072821923738,0.061759311391646594,0.7716673601045353,0.016923211677346898
502,0.902304686002808,0.9480429198204969,0.8852964096416319,0.999837496063926,0.8315807303337202,0.00010692691608306227,0.062485893268183046,0.7706764677859751,0.017160035343244714
504,0.9019020353047158,0.9473662371998395,0.8850088399022229,0.9998005411841653,0.8316953525151292,0.00012517788854893297,0.06259199025401149,0.7705099529884243,0.017218509855282258
508,0.9028494650219595,0.9488861520622541,0.8860928578236372,0.9998342449014838,0.8324777688065621,0.00010797681635368563,0.06186065095734883,0.7715153679057798,0.0169657029638762
510,0.9021273444613538,0.947989302580177,0.8852758839830723,0.999820048158819,0.831556749670473,0.00011612569647291416,0.0624876113900219,0.7706956662215038,0.01716413769544828
513,0.9021888428257918,0.9476625849861344,0.8850755219775946,0.9998354369943793,0.8313421631512576,0.00010781621030117902,0.06261550482497157,0.770468035487356,0.017224262879402565
521,0.9017416071998292,0.9471557567686583,0.8846432200303938,0.9998243830420754,0.8313256191880736,0.00011395749627101597,0.06294051423130265,0.770110141442802,0.017305553966193214
529,0.9026794988479265,0.9490013636030902,0.8860318597767897,0.9998353286222978,0.8326647640907601,0.00010832012149977445,0.0619399807898395,0.7715540398260567,0.016960969896420604
550,0.902621660440254,0.9487216536852048,0.8857795520661881,0.9998435107144442,0.8322628050634306,0.00010403683316124241,0.0621369782700596,0.7712160043351584,0.017030196301461693
551,0.9025072590643879,0.9484866722834204,0.8857520266317608,0.99982243234461,0.8321804624714264,0.00011436211207183078,0.06211620084492556,0.7711683108004783,0.017041852820341007
562,0.9020637388490812,0.9477767139259439,0.8850766272053633,0.999825575134971,0.8312720533919662,0.00011317757000344702,0.06266649749623723,0.7703296857298931,0.017215747322478363
566,0.9025409195758521,0.9486692899829158,0.8859158634909812,0.99981473792683,0.8323954262145579,0.00011836924972562378,0.06196876229291938,0.7714131596157734,0.017000378787411053
569,0.9018179117530003,0.9473376907201367,0.8847457956932979,0.9998197230425748,0.8309118584410786,0.00011623792468324407,0.06291160238794533,0.7699919252882144,0.017302898654982163
576,0.901518848922149,0.9472655553043611,0.8846359044751635,0.9998045509511774,0.8309804593047052,0.00012488125988359874,0.06296739987580172,0.7700428644036859,0.01731582831764879
578,0.9035421395667702,0.9499241955098069,0.887024301683092,0.9998407472263683,0.8337097821170336,0.00010387675724309197,0.06113225616604448,0.7724924527535157,0.016723127174879865
583,0.9014110465592386,0.9471051024364113,0.8846487987991305,0.9997662956064398,0.8308313480795246,0.00014295790444723226,0.06290632360670939,0.7699694812718944,0.017325362029194127
584,0.9025054290860052,0.9486871244103549,0.8859247579430236,0.9998148462989114,0.8326641174211895,0.00011856128164961572,0.061941912195768695,0.771537041784285,0.01698436943227094
585,0.9017763767891013,0.9477267433417138,0.8851249940777126,0.9997854774648492,0.8315901070424956,0.0001336848805901051,0.06255423304546309,0.7705467545740079,0.017188269762012758
587,0.9021600068027912,0.94808610990356,0.8854131953758465,0.999811053276062,0.8317982268660036,0.00012061264270515594,0.06236550624830176,0.7707840670406858,0.017126306493609692
591,0.9033211003596918,0.9492124708032869,0.886260905074357,0.9998709288510409,0.83272873048913,8.822384996973495e-05,0.061777825635599797,0.7715913365002356,0.01691811549811049
592,0.9032152943368355,0.9492431255060415,0.8864847400124438,0.9998320774598555,0.8328617827533042,0.00010820325769600458,0.06152036804032612,0.7719109436934202,0.01686955402779129
595,0.90275901972674,0.948695500323561,0.8859397574627402,0.9998365207151934,0.8323931628710604,0.00010687299032320475,0.061967275228845056,0.7713580947620079,0.016996525117221148
597,0.9011804138291236,0.9464277360677371,0.8838803497205963,0.9998311021111228,0.8303381547535935,0.0001116131805045168,0.06358540830123854,0.7692697560572113,0.017507171106722678
598,0.9026366884445487,0.9485517423030222,0.8857199750264716,0.9998405304822054,0.8320117894917318,0.00010500270097206037,0.06217781624880181,0.7710552655712194,0.017052039772683093
605,0.9021997672421979,0.9479245744345837,0.8852620949509118,0.9998253583908081,0.8315778742097828,0.0001131322620090537,0.06248908068042203,0.7706081455598244,0.01716783098375981
606,0.9022893807290615,0.9480078207556328,0.885490982358798,0.9998114867643877,0.8319262135518741,0.0001195499575664548,0.06228699400482407,0.7708735680567462,0.017114658083926478
607,0.9032650364765117,0.9495814668163702,0.8866404718680279,0.9998421560634266,0.8330524424984032,0.00010364108170001095,0.06145839716296597,0.7721194310018832,0.01682587159045744
611,0.9022507293674625,0.9480177351018769,0.8854238792442762,0.9998099695552479,0.8318540560056087,0.00012051895686858593,0.062326889978833934,0.7708330808116199,0.017120142603553778
614,0.9030135530836114,0.9487776070645821,0.8861164360160338,0.9998385797847401,0.8327132104194328,0.00010495844091767342,0.06177904609456119,0.7714994150510426,0.0169470491097865
616,0.9033766097039682,0.9494328086017108,0.8866464716759146,0.9998429146679965,0.8332291988477316,0.00010261843403390635,0.06139607081212192,0.7721250420059632,0.01682416595621159
621,0.9034398271390082,0.9498209495592653,0.8867529419509557,0.9998573823408647,0.8330097623067361,9.585503539710771e-05,0.06140914631177143,0.7721285076261303,0.016806718570296846
627,0.9023548163197169,0.9482710637421129,0.8855421912454094,0.9998228658329357,0.8318219380835965,0.00011445004040271872,0.06227842116930398,0.7708359413235039,0.017108985250745355
631,0.9020393945912017,0.9480901554126596,0.8854627201058582,0.999792521650141,0.8320267167809892,0.0001300018892733432,0.06230398563735456,0.7709870533647566,0.01711223073122795
633,0.9020017968535201,0.9476556335479633,0.8851419409034977,0.9998053095557473,0.8317102259152556,0.00012311649192674344,0.06252378081700888,0.7706370807377272,0.01718669207286089
634,0.9020767705133218,0.9479920945512458,0.8853049356844183,0.9998138709501787,0.8315790058815316,0.00011937988306777293,0.062468581709517045,0.7706354854522535,0.0171647530933299
643,0.9029079688763166,0.9490560064654353,0.8861826970522556,0.9998439442027699,0.8327672073285874,0.00010331487646908499,0.06179175427161067,0.7716753365319039,0.016938348843395633
644,0.902323207602197,0.9480960242498041,0.8853576182080545,0.9998395551334728,0.8316239494166962,0.00010601419732362653,0.062468735748026735,0.7706692614964213,0.017149268132870762
645,0.9025955416578822,0.9481965352082783,0.8855367703663539,0.999841722575101,0.8319225490909734,0.0001039164803336866,0.06228456493601741,0.7708719727712725,0.017100617461394487
646,0.9024001221481622,0.9481725470486878,0.8855315073769797,0.9998165802522139,0.8318390748272204,0.0001169107761395733,0.062261921275092884,0.7708943067679047,0.01710310788561822
647,0.9024898465428067,0.9484721426380628,0.8858048670450782,0.9998118118806318,0.8321625712799701,0.00011955599863237391,0.06203693618257361,0.7712328923572422,0.017031953293949492
648,0.90201471760998,0.948049586363661,0.8852780944386095,0.9998138709501787,0.83179197572682,0.0001197778290386648,0.0624775337167533,0.7707776308889469,0.01714999705949775
653,0.9021052183590899,0.9481722621536808,0.885400827350817,0.9998138709501787,0.8318328236880368,0.00011978512763259157,0.06238284150520002,0.7708827547006811,0.017123891755216204
654,0.9028573949282847,0.9488760667790058,0.8860949630193868,0.9998353286222978,0.8325126350742498,0.00010742707935504666,0.061839826135750266,0.7715338512133375,0.016963930654017995
656,0.9028028283001449,0.9488743004299623,0.8860247021112406,0.9998403137380426,0.8324244185669782,0.0001050661938077408,0.06194379028067531,0.7713403815922651,0.016979607532118107
658,0.9017620696853816,0.9475468036552843,0.8851006790668036,0.9997680295597423,0.8315032916526273,0.00014135331103817507,0.0625285856335996,0.7705559962277867,0.017201744542861497
662,0.9020454390652538,0.9478303311662637,0.885133888529755,0.9998256835070524,0.8315770119836887,0.00011342260303434967,0.06259722163878291,0.7705960984040056,0.01719733133814086
665,0.9018988189790734,0.9477905598232848,0.8851158891060952,0.9998057430440729,0.8315682280553531,0.0001236894192212882,0.06258407504443662,0.7705822909331812,0.01719080433630413
669,0.9013635780290683,0.9467987833248709,0.8843101780627912,0.9997984821146185,0.8304869426439887,0.00012758289853486026,0.06317924429853278,0.7696508642559003,0.01740663689759258
674,0.9025262242948998,0.9485857017878582,0.885632609402859,0.9998486042022705,0.8319591936999804,0.00010164563749034035,0.062252139829727535,0.7710880514381967,0.017071069352858643
676,0.9018001110541864,0.9476547788629422,0.8849768409268275,0.9998139793222601,0.8314854004611709,0.00012001722785094494,0.06269735851919794,0.7705041219449686,0.01722919777573881
678,0.9022882161973634,0.9480607542479359,0.8854045640732727,0.9998232993212613,0.8317365777002623,0.00011410362842272864,0.06236947570220533,0.7707588725321697,0.017133829124522843
681,0.9023995676092583,0.9482996102218156,0.8855155605191757,0.9998347867618907,0.8318926406233278,0.00010828625454450957,0.06233066392232136,0.7708614658910835,0.01710006333299449
685,0.9018888372788039,0.9478296474182469,0.8850805218175002,0.9998125704852018,0.8312081408827272,0.00012053837458046878,0.06264526980469025,0.7704694107334541,0.017217257434996084
687,0.902767504171969,0.9493524682097331,0.8862011701449592,0.9998389049009844,0.8323717688860959,0.00010688367931126979,0.06186306225248129,0.7713633757070244,0.016934770885873043
689,0.902825398033532,0.9492013598980134,0.8863880588976388,0.9998133290897716,0.8329977450305468,0.00011884582818311173,0.06160853138889174,0.7718839338600547,0.016877057737246876
690,0.9022001554194305,0.9482605796058549,0.8855408228681722,0.9998080188577826,0.8320709597574523,0.000122253137305961,0.062253366213246994,0.7710811201978626,0.017086388525308676
691,0.9018919981505559,0.9475297099548635,0.8849569468269928,0.9998141960664229,0.8314378163585925,0.00011908337768949827,0.06269174796271036,0.7704313439214603,0.017236685266802203
692,0.9021757002537704,0.9482642262619446,0.8856093469898249,0.9997965314171531,0.8317755934310287,0.00012806117835377032,0.0622041923813073,0.7709954698708765,0.017092480333621506
694,0.9025195698280536,0.9484373284682057,0.8855001925902029,0.9998528307134454,0.8317253148719057,9.9134520496591e-05,0.06238947108567478,0.7708232890594019,0.01711007098200064
698,0.9014732103703613,0.9475878285362942,0.8851402041170042,0.999739636074413,0.8318129385987374,0.00015620719487843517,0.062492333262799724,0.7706720119886175,0.017185563092559756
702,0.9030181557565135,0.94895179187187,0.8861006996778048,0.9998487125743519,0.8325760086921796,0.00010009572189220408,0.06185097022947058,0.7715684524051641,0.01694243587822879
710,0.9021779184093858,0.9478211005680365,0.8853504079126118,0.9997969649054788,0.8315645097053215,0.00012663849500111406,0.062363089028611235,0.7707078233970104,0.0171557626979231
715,0.9028075418808277,0.9487638181462427,0.8858682334371442,0.999852180480957,0.8325711586703994,9.89880184836996e-05,0.062018641147268815,0.7714306527461405,0.01699719187334472
724,0.9042421340251119,0.951092208059559,0.8881019513873634,0.9998361955989491,0.8348227004482323,0.00010564273341313108,0.060275600617190436,0.7736571211690243,0.016470352720258197
727,0.9024984973497069,0.948716297659073,0.8857978672692105,0.9998289346694946,0.8322406027415028,0.00011175460309055375,0.062088580555226425,0.7712191398962619,0.017021009483304973
728,0.9019339767455781,0.9477501047322888,0.8851000475080787,0.9998097528110851,0.8315073333374441,0.00012149163012509234,0.06259497623127626,0.7705301966109874,0.01720256987881987
729,0.9023882550156197,0.9484687808769799,0.8854758775792938,0.9998389049009844,0.831640708936404,0.00010684782743434577,0.062380211001419154,0.7708333008509957,0.017105885735792522
738,0.9020370655278055,0.9479260558886201,0.8852150964557998,0.9998152797872369,0.8314314574411472,0.00011873551092220521,0.06253507302468081,0.7705744245255004,0.017184750370906426
739,0.9021593968099969,0.947964687651571,0.8852433060788457,0.999835111878135,0.8317163692761775,0.00010866732251694582,0.06252471689718314,0.7707674540678214,0.017170638567653135
740,0.9023747797202558,0.948146678582051,0.8855579802135322,0.9998163635080511,0.8320667025161117,0.00011723339371706566,0.06221443594220172,0.7711074149032571,0.017097217906186044
750,0.901573748273631,0.947460138594151,0.884669956016415,0.9998153881593184,0.8309164929063353,0.00011960662029903485,0.06300618795745343,0.7700327976022482,0.01730440336136915
756,0.9020526480710039,0.9478515843337869,0.8850449440093303,0.9998394467613914,0.8314830832285425,0.0001067468923186728,0.06269569371838167,0.7704521376424627,0.017214693126985686
767,0.9010059558899695,0.9463856855647019,0.8838920861869007,0.9998035756024447,0.8301878040784025,0.0001256743408804242,0.06355327942285192,0.7691777245883304,0.017509429968346736
777,0.9021383797855406,0.9480879332316049,0.8854062482298726,0.9998133290897716,0.8318514154381949,0.00011971535948557883,0.0623660927795502,0.7707739452294042,0.017127048034541723
778,0.9025302169750077,0.948379209886775,0.8856036629613007,0.9998312104832042,0.8318923172885424,0.0001096398601576867,0.06224988257310476,0.7709196663059525,0.017080392225305444
781,0.9030818168226765,0.9490630718616092,0.8864019531895869,0.9998217821121216,0.8327850985200438,0.00011331450494051549,0.06157246267939188,0.771777049733315,0.01688674912760522
782,0.9027005158723829,0.9486932781425063,0.8858509182021029,0.9998368458314375,0.8320753247770545,0.00010685708629251974,0.062069112457424754,0.7711288687423865,0.017026006550144634
783,0.9024364999002554,0.9484033120043684,0.8856039787406631,0.999835111878135,0.8320322673614711,0.00010832818447347058,0.06225141110908553,0.7710016309733958,0.017079801155012113
784,0.902604414280344,0.9487411405036845,0.8858829171774983,0.9998346783898093,0.8323556560359588,0.00010854749982374617,0.062045497168977566,0.7713068805973169,0.01701059006734143
785,0.9038082627867323,0.9499449358663175,0.8870832997939773,0.9998544562946666,0.8338685394966439,9.598152792023029e-05,0.06106004172778991,0.772623431191893,0.016702596492404482
786,0.9022910443457731,0.9482892400435604,0.8855619800854566,0.9998180974613536,0.8319398475019899,0.00011703111663842315,0.062254355614443854,0.7710050965935629,0.0170909927466485
787,0.9023321911324395,0.9480318658942248,0.8852863047020334,0.9998421560634266,0.8316458822929695,0.00010446460227184514,0.06250367286693619,0.7706606249509257,0.017162114901532837
794,0.9021147564282362,0.9475310774508973,0.8850199448098026,0.9998240579258312,0.8311280616342205,0.00011332530488693414,0.06269137471555226,0.7702749509351912,0.017245506270112745
797,0.9027609051590132,0.9489677459922626,0.8861452771978047,0.9998244914141569,0.8327734045786401,0.00011329591325193178,0.0617923408028591,0.7717083424382569,0.016932578699861343
801,0.9023758333441732,0.9485175549021806,0.8858271294901313,0.9997969649054788,0.8322607033873257,0.00012711212689787822,0.06201347493263611,0.7713034699869937,0.017018821802402218
811,0.903989264284952,0.9506441251925288,0.8873817112914973,0.9998708204789595,0.8336854781190011,8.834676100377692e-05,0.06098099627408636,0.7725275490339377,0.016650643576072932
822,0.9019115179199717,0.9477848619231445,0.8850440493011367,0.9998153881593184,0.8313609165688085,0.00011895184272563913,0.0626633160085563,0.7704473517860415,0.017214567884957066
825,0.9029205569094343,0.9493450039605493,0.8863199031852423,0.9998409639705311,0.8326424001014396,0.00010532759936015484,0.06174107560192245,0.7717395330197604,0.016905677793340446
827,0.902132390765379,0.9483012626128563,0.8855529803736266,0.9998029253699563,0.8319106934821769,0.00012523112390125688,0.062239153198449,0.7710132930603072,0.017095190607161657
834,0.902465169561585,0.9481065083860623,0.8852602002747371,0.999861175363714,0.8317102259152556,9.438414680415815e-05,0.0625528763216662,0.7706093557763907,0.017162701466717226
844,0.9027900739053561,0.9485670696543995,0.8856282937515721,0.9998671358281915,0.8320300579071045,9.104430036030761e-05,0.06228532327944973,0.7709042635496545,0.01707513656521245
845,0.9017373372502695,0.9472649285353456,0.8847514270919283,0.9998050928115845,0.8309819682003701,0.0001236816398078291,0.06284951301942387,0.7701005147201156,0.017297126709404295
847,0.9025026009375955,0.9483059918699728,0.8855658746975935,0.9998360872268677,0.8319126334908891,0.00010738609873644439,0.06227280468825833,0.7709651594468757,0.017090249403672892
860,0.902728409179247,0.9489446125176932,0.8861074889340976,0.9998267672278665,0.8327083603976524,0.00011220050772761977,0.06183716600917907,0.771565756922812,0.016942870170730904
883,0.901518571652697,0.9474042421937751,0.8848024254589648,0.9997992407191884,0.8312487193982896,0.00012783180277943352,0.06285266488431447,0.7702686798129841,0.017281932778982878
889,0.9025272779188172,0.9487136766250084,0.8860739636917836,0.99978937885978,0.8324136946299305,0.00013066253531077463,0.06179911849728549,0.7715284052387893,0.016973251724421216
890,0.9014961682809811,0.9473129618335281,0.8846833766393193,0.9997994574633512,0.8311135115688795,0.00012740942131333414,0.06293839323951536,0.770082031412558,0.01730498812450996
920,0.9035885544730232,0.9497089288425078,0.8869193050450757,0.9998386881568215,0.8335037100804996,0.00010425145127454824,0.06118309479880045,0.7723675804078136,0.01675190761285181
922,0.9024091056784047,0.9482488419315659,0.8855038240528711,0.9998314272273671,0.8318059869008523,0.00010986069193879505,0.062316545700452405,0.770882149592398,0.017108771708581456
924,0.9017922366017516,0.9472109124420159,0.8847895311349979,0.9998043342070146,0.8309764176198882,0.00012359273750917055,0.06280445675533937,0.7700949587258796,0.017298044850606892
926,0.9026657462831109,0.9487269527323352,0.8858826013981359,0.9998371709476818,0.8321777680148819,0.00010703576622795986,0.062064408358321124,0.7711787076609795,0.017021286998015868
931,0.9029674709007007,0.948696070113575,0.8861295934894694,0.999828501181169,0.8327103542954954,0.00010980664289187796,0.061759465430156285,0.7715371518039728,0.016950757715468442
935,0.9029698554179874,0.948895895471494,0.8860778583039206,0.999849796295166,0.8326122221881396,9.980616990408937e-05,0.06187040870448192,0.7714804916647335,0.016962223217728566
938,0.9016801642892817,0.9477168289954697,0.8850233657528959,0.9997854774648492,0.8313130630205756,0.00013414406324348724,0.06266187041638845,0.7703688527387653,0.017212712681094307
946,0.903416536505046,0.9498751365895992,0.88709135216772,0.9998170137405396,0.8336723291710633,0.00011599522177776735,0.061032374041626244,0.7725417965835134,0.016718130108040206
950,0.9033050741853703,0.9493289928611552,0.8865838947322547,0.9998396635055542,0.8330902187791589,0.00010427252103302938,0.06145836754017565,0.7720000596405733,0.01684354783590649
951,0.9033437810008598,0.949407225030081,0.8865949996398343,0.9998452446677468,0.8330475385874918,0.00010149801972955982,0.061470732092857354,0.7719682089409426,0.01684099704322292
953,0.9026926968738385,0.9484999483907472,0.8856222413137917,0.9998570572246205,0.8318459187468439,9.64326167781514e-05,0.062279463891523425,0.7708706525350184,0.01708307546819194
959,0.9018918317888848,0.9477762011149312,0.8848750547123295,0.9998385797847401,0.8310701847076416,0.00010759376345959026,0.06287725772484239,0.7701316502917753,0.017260652446379365
960,0.9028214053534241,0.9488754969889919,0.885954125423732,0.9998451362956654,0.8322100476042866,0.00010256424320687074,0.062006845352161354,0.7712699689920455,0.01699668549909952
962,0.9029604837105121,0.9488974339045319,0.8860409647484071,0.9998481707139448,0.8323643321860328,0.00010055079292214941,0.06192085039184753,0.7713754228628432,0.016969503473780578
971,0.9029883770173762,0.9487347588555274,0.885904442804039,0.9998603083870627,0.8322227654391772,9.414468018399525e-05,0.06204603630376149,0.7712142440201528,0.017014167123842232
972,0.9025055399937859,0.9483015475078633,0.8858743911347121,0.9997833100232211,0.8322221726587375,0.00013237305696141752,0.061920862240963666,0.7713242086981522,0.017023747688520576
973,0.9018691511477169,0.9484190382087555,0.885907705857451,0.9997246265411377,0.8328199647877315,0.0001631939218592985,0.061854927834258014,0.7714970496277539,0.01698711574668264
982,0.902282116269421,0.9482873027575127,0.8854387208743116,0.9998299100182273,0.8317010647630039,0.00011124437959450814,0.0623994954379208,0.7708328607722442,0.017122726734043525
983,0.9022314314136082,0.9479340329488165,0.8853008305527063,0.999820048158819,0.8314635214740282,0.00011549779547850549,0.062471609158688275,0.7705906524294573,0.01716444764694356
987,0.902121189079521,0.9482263352260119,0.885286778371077,0.9998304518786344,0.8314513964195775,0.00011164117899574598,0.06253356226237422,0.7705654029110973,0.01716265911869316
989,0.9025363169029501,0.9483812041518241,0.8856433985310762,0.9998315355994485,0.8319529964499277,0.00010965084503469471,0.06219841001263583,0.7710654974021888,0.017072250592423517
994,0.9023361838125472,0.9481298697766373,0.8853907750411122,0.9998348951339722,0.8316018548730302,0.00010838934718372507,0.06241917089525475,0.7706848292822511,0.01714310874792379
996,0.9010754950685134,0.9467762196403154,0.8843037572157546,0.9997675960714166,0.8305583996315526,0.00014337672291730996,0.06319412678839212,0.7696938269440031,0.01740579173915486
1005,0.9021913382508592,0.9478204168200197,0.8853015147413249,0.999813437461853,0.8316716412975365,0.00011868456870918938,0.06243497169161417,0.770626683877226,0.017165913609393638
1006,0.9019440138997379,0.947709364746286,0.8851794660177361,0.9998011914166537,0.8318590676947817,0.00012543023250246834,0.06251327657555958,0.7707093086627963,0.017176205981284987
1010,0.902113148265415,0.9481174483543315,0.8855039293126586,0.9997880783948031,0.8317171776131409,0.0001317356505347157,0.06226904851844511,0.7708425975146184,0.017110708004405187
1014,0.9022623746844436,0.9486268406268709,0.8858264979314064,0.9997976151379672,0.8323827083796671,0.0001277878262852836,0.06203610674444451,0.7713140868868706,0.01701240382420191
1016,0.9022757390720266,0.9479600723524575,0.8852985148373816,0.9998293681578203,0.8315147161483765,0.00011090344155996313,0.062484400279550656,0.7705913125475844,0.01716786972769672
1021,0.9038078746094996,0.9500587799111199,0.887238505350624,0.999841180714694,0.8340470202981609,0.00010286366432410432,0.060909824558051225,0.7728730108537655,0.016667463850822798
1024,0.901167548526554,0.9468722292576789,0.8843141779347157,0.9997861276973378,0.830580817510004,0.00013445281102677755,0.06322409912764307,0.7696970725247945,0.017399092642156503
1031,0.9027945656704774,0.9485866134518806,0.8857899201552554,0.9998493628068403,0.8320915454054532,0.0001000485830849761,0.06212571568517799,0.7710462439568162,0.017038430739587846
1038,0.9026418456563545,0.948668036444885,0.8859687039042986,0.9998141960664229,0.8323488660054665,0.00011800164470009299,0.06192644909921898,0.7713025348196471,0.016988387088426374
1046,0.9014260191096429,0.9470920542450901,0.8847712685618693,0.9997516653754495,0.8310744958381131,0.00014956987575310955,0.06278519601706999,0.7701293398783305,0.01729279639868821
1052,0.9020357900883267,0.9477495349422749,0.8853690915248903,0.999773773280057,0.8317834073550081,0.00013794491698920156,0.06230500466134174,0.7708253794334708,0.017143285348194356
1060,0.902663749943057,0.9486211427267306,0.8858753384727994,0.999828501181169,0.8324221013343498,0.00011113495000043056,0.06199891829347035,0.7713217332551757,0.017004098205354458
1062,0.9033529308927734,0.9491722436282967,0.8864950028417237,0.9998413974588568,0.8331241150424906,0.00010292733592602114,0.061500212693788914,0.7719127040084257,0.016862628774323995
1064,0.9021855155923687,0.9478277101321992,0.8850978370525415,0.999840422110124,0.8314267151976285,0.00010563881288463663,0.0626389423766768,0.770470180871269,0.017210890815037728
1065,0.9019277659098548,0.947576318778011,0.8849501575707001,0.9998228658329357,0.8314408341499224,0.0001148349426027077,0.06271382879061871,0.7704171513817285,0.017236421267418138
1068,0.9024108802028971,0.9485901461499675,0.885980071961347,0.9997852607206865,0.8326084499489772,0.00013275428520703118,0.06186813367418495,0.7715227942347093,0.016978905636144778
1070,0.9020423891012825,0.9477993915685021,0.8851738346191056,0.9998150630430742,0.8315111055766067,0.00011863434156111907,0.06253417841641298,0.7705869667699146,0.017193177627695344
1072,0.9015357069048262,0.947190684896518,0.884743322088292,0.9997759407216852,0.8310450184835148,0.0001380620273670906,0.06283246214131274,0.7701580550168576,0.017295213840147067
1078,0.9030061777161902,0.9490509923133119,0.8862400636364349,0.9998421560634266,0.832910714084155,0.00010373570451823373,0.06173073724809899,0.7717867314658452,0.01690980717619767
1096,0.90295443923646,0.9490506504393035,0.8864621091581346,0.9997968565333973,0.8330203784655219,0.00012566846008768253,0.061468575553721684,0.7720452227224329,0.016860527591512943
1097,0.900763067850079,0.9465762233453923,0.8842996520840427,0.9997081539847634,0.830599948151471,0.00017157479123852681,0.06314952079072055,0.7697124752810925,0.017409230038300215
1099,0.9017735486406916,0.9478282799222133,0.884884738612778,0.9998252500187267,0.8309005417235911,0.00011489212314093795,0.06286652242562857,0.7701615206370247,0.017262742816928953
1106,0.9016784452186797,0.9472607120892419,0.8846370097029321,0.9998198314146562,0.830908571204094,0.00011678508498233794,0.06298939775989716,0.7699624400118724,0.01732132094647219
1109,0.9018382633307719,0.9475199095666224,0.884894159363758,0.9998172304847024,0.831237402680802,0.00011785623994203181,0.06277021280972353,0.7702613635037425,0.01725732497291401
1114,0.9013097323015036,0.9469435669674349,0.8845316446556597,0.9997701970013705,0.830867399908092,0.00014135424801982785,0.06300848668598266,0.7698850411614747,0.017351521394782993
1115,0.90212967352475,0.9478065139436774,0.8851174153730137,0.9998265504837036,0.8315626235857403,0.00011262132344806257,0.06258440089513019,0.7705898272817985,0.017189369909616656
1116,0.9019857152253081,0.9479707274257198,0.885391827638987,0.9997750737450339,0.8318063102356374,0.00013808334369969089,0.06231004646025508,0.770878628962387,0.017123026774299135
1119,0.9015268342823645,0.9470840771848937,0.8845886428305828,0.9997940388592806,0.8307960506987899,0.00012925791351234593,0.06298568898654845,0.7698820706299029,0.01734258956579245
1136,0.9018041037342942,0.947644693579694,0.8852198331462366,0.9997610937465321,0.8316860296954849,0.00014459642645508412,0.06243011355400085,0.770663870531717,0.01717310196122321
1138,0.9022076416946326,0.9476484541937866,0.8850826796431437,0.9998318607156927,0.8312921540377891,0.00010945601449445046,0.062611535371068,0.7703985030446391,0.017224205214008095
1144,0.90157790731541,0.9475739826389534,0.8847062180132035,0.9998127872293646,0.830781392855187,0.000121334414466724,0.06295624393296528,0.7700642632329713,0.01730242021241241
1146,0.9024723785673351,0.9482686706240541,0.8856731344210408,0.9998153881593184,0.832163541284326,0.00011743052972532394,0.06212930596736539,0.7711227076398672,0.01706558753629671
1148,0.9013070150608746,0.9469764438512442,0.8846232733006654,0.9997517737475309,0.8308500476079446,0.00014995687383311128,0.06290209939680903,0.7700255913126944,0.017335233623910196
1152,0.9025581657357622,0.948625017298826,0.8855924527939335,0.9998557567596436,0.8318889761624271,9.77299233555742e-05,0.062341014125260955,0.7708783539131674,0.017083051140603645
1162,0.9017576888280412,0.9481583022983372,0.8854106165110531,0.9997620690952648,0.8318067952378156,0.00014566723621101119,0.062334348997437804,0.7709687350867307,0.017111681107936892
1168,0.9015902735329661,0.9475574017495453,0.8850485228421048,0.9997675960714166,0.8314718742893168,0.0001426429553248454,0.06258637969752391,0.7705070374666965,0.01721399303305593
1169,0.9015907726179795,0.9474181450701172,0.8847445852057418,0.9998019500212236,0.8309988354983395,0.00012596299287300403,0.06292124756847518,0.7700449547777548,0.01729027984483261
1171,0.9015659292750866,0.9473522203654945,0.8849068957980437,0.999765320257707,0.8313377981316554,0.00014325018107936354,0.0626893188939037,0.7703602712031136,0.017250783554728664
1174,0.9015409195705225,0.9471848160593735,0.8847553217040652,0.9997789751399647,0.8312277026372414,0.0001367781652435143,0.06280178477965205,0.770226652292228,0.017284027654641407
1177,0.9019482283954072,0.9478531797458262,0.8852616739117619,0.9997926300222223,0.8316714796301437,0.00012980345875095937,0.06245606904288371,0.7707036426488724,0.01716167610392178
1179,0.9015226197866951,0.9469736518801755,0.8846138525496854,0.9997834183953025,0.8307827400834593,0.00013425666131499584,0.06292932866567588,0.769942361418841,0.017342658043448384
1184,0.9024991073425012,0.9487386904066242,0.8857456584146179,0.9998357621106234,0.831848828759912,0.00010847816318144194,0.06217675575290817,0.7710988333676053,0.01704930787462001
1185,0.9022642601167167,0.9481658235265223,0.8853727756174523,0.9998292597857389,0.8317226743044919,0.00011128553281499383,0.06243612105587878,0.7707590375617014,0.017134347212051294
1190,0.9023070150662043,0.9479200161144714,0.8852345168865907,0.9998384714126587,0.8317821679049975,0.00010615997194286643,0.06250411720879105,0.7706966563986943,0.017161256227768287
1195,0.9017034549232437,0.9475715895208945,0.8849438946133447,0.9997958811846647,0.8311651912454057,0.000128835975879661,0.06273248522396546,0.7702944794297834,0.01725199633005614
1196,0.9026367993523294,0.9484404623132829,0.8856126626731307,0.9998503381555731,0.8320135139439204,9.9890140720365e-05,0.06226608031485453,0.7709758313565965,0.017078206346446263
1198,0.9029575446543217,0.9489575467510116,0.8862311165544987,0.9998276342045177,0.832571374226923,0.00011082922275009978,0.061735619083944565,0.7716224170620513,0.016929344031640214
1205,0.9018620530497475,0.9477326691578597,0.8850373126747376,0.9998091025785967,0.831509435013549,0.0001221066969365994,0.06264778181730982,0.7705605070349882,0.017216279826355436
1207,0.9029503911024619,0.9489560083179738,0.8861303303079818,0.9998426979238336,0.8326360411839944,0.00010352324392847044,0.06182823177561702,0.7715646567259336,0.01694655444882455
1219,0.9018708147644284,0.9480312961042108,0.8852665684918799,0.9997982653704557,0.8316243266406125,0.00012809060697489054,0.062475383102175694,0.7707338430531853,0.017157508878149437
1236,0.9023187158370757,0.9482474174565309,0.8856372408335084,0.9997997825795953,0.8321744807778972,0.0001255443839909276,0.062129181551646026,0.7711244129450289,0.01706414139632598
1238,0.9016451728844481,0.9476589953090461,0.8851112050455521,0.9997694383968007,0.831509003900502,0.000141717698271451,0.06255460629262119,0.7705956033154103,0.017197078151018258
1253,0.9027951202093812,0.9487504850599146,0.8860906473681001,0.9998173388567838,0.8326917086562067,0.0001161077582057462,0.06179220453802361,0.7716120752113941,0.0169570288271172
1256,0.9021333889354058,0.9476554626109591,0.8851256782663313,0.9998231909491799,0.8314051056561405,0.00011395639901618577,0.06258146231432994,0.7704207820314274,0.017210852972122607
1260,0.9026233240569657,0.9484627980818328,0.8856570296735555,0.9998453530398282,0.8321953897606837,0.00010240749603932879,0.06220816775976892,0.7710237999404962,0.01705922902553445
1266,0.9020750514427198,0.9479309560827408,0.8853853541620568,0.9997950142080133,0.8318742105405625,0.000128337439996863,0.06233997732759958,0.7708714226728333,0.017131280133882848
1271,0.9017954529273939,0.9474132448759967,0.8849036853745254,0.9997982653704557,0.8312088953305599,0.0001269792234476578,0.06271932085594498,0.7703132377865606,0.017257502474206366
1276,0.9020842013346335,0.9478212715050407,0.8851810449145484,0.9998216737400402,0.8314212185062775,0.00011513228633298745,0.06256876006183854,0.7704290885178595,0.017199753284708658
1277,0.9020646261113273,0.948394765154158,0.8856392407694705,0.9997871030460704,0.8322168376347789,0.0001332183870140903,0.06216666030596537,0.7712085780062289,0.017056207899477226
1296,0.9024454834304979,0.9483389827117849,0.8855791900607104,0.9998299100182273,0.8318224769749054,0.00011065530169515921,0.062271862683526,0.770917300882664,0.01709792971339905
1300,0.9019812234601868,0.948194654901232,0.885294146556201,0.9998163635080511,0.831611554916591,0.00011909269819120204,0.06249984560242618,0.7707884678281995,0.017152970431400183
1302,0.9021242390434921,0.9479133495713074,0.8853241455956342,0.999808669090271,0.8315528696530485,0.00012150726292424629,0.06244429694600851,0.7706742673922182,0.01716210589131495
1311,0.9018516277183549,0.9472227070953063,0.8846224838522592,0.9998383630405773,0.8312028597478998,0.00010680145917124012,0.06297081242124718,0.7700884675642968,0.017315547198850742
1324,0.902380546924856,0.9486982922946298,0.8858343924154678,0.9998122453689575,0.8322196937587163,0.00012044370244742215,0.06205143357615872,0.7713282794266024,0.017015164554962228
1325,0.9019950869327834,0.9479810976039751,0.8851578877613017,0.9998170137405396,0.8314754309719556,0.00011826330915533213,0.06257006346461284,0.7705828410316204,0.017175036455003366
1329,0.9017690568755703,0.9473369499931186,0.8849246847021286,0.9997884035110474,0.8313277208641785,0.00013147364087570977,0.06267789042139627,0.7703533949726233,0.017252434226645408
1337,0.9030118340130096,0.9490900229292727,0.8862159591451009,0.9998469786210493,0.8326655185385927,0.00010135450742786311,0.06178623850805213,0.7715897962246058,0.01693341845216833
1347,0.9022748518097804,0.947766115831683,0.8850410493971933,0.9998516386205499,0.8312931240421453,9.952201172483101e-05,0.06269201456782329,0.7703485541063583,0.01722483322619476
1351,0.9017402208525696,0.9477519850393351,0.8849167375881736,0.9998053095557473,0.8310282050746762,0.00012459461747008996,0.06276380243789718,0.7702956896463495,0.017238963049883822
1352,0.9021614486039412,0.9479203010094784,0.8850452597886928,0.9998482790860262,0.831375736079804,0.00010188270001284157,0.06271529215646077,0.770448396973076,0.017217310595281612
1353,0.903600587967237,0.9497999243077478,0.8868183082789838,0.9998597665266558,0.8333235587159249,9.395616810555414e-05,0.06132158726812845,0.7721376392602213,0.016781515188825705
1356,0.9026258749359234,0.9485122558550502,0.8858207612729885,0.9998253583908081,0.8322482011089587,0.00011254638957325369,0.062032534235931296,0.7712739297008078,0.017028087910476334
1357,0.9030517608140873,0.9486631362507643,0.8859155477116187,0.999864318154075,0.8324536803650531,9.16835930790209e-05,0.06199245460062141,0.7713176075168816,0.017001027523098858
1365,0.9030094494957229,0.9493737783562577,0.8864757929305076,0.999817663973028,0.8327548128284821,0.00011623327676109814,0.061541080295321446,0.7719198552881356,0.01686440198520399
1366,0.9024800866580988,0.9484646214098776,0.885713975218585,0.9998219988562844,0.8321902164041179,0.00011453138520462542,0.0621457525405539,0.7710878864086649,0.01704802481959302
1367,0.902428680901711,0.9483047953109432,0.8856508719759877,0.9998126788572832,0.8319395780563354,0.00011905737644863418,0.06217115112097866,0.7710437685138397,0.017074322942537332
1371,0.9020538680565925,0.9481160238792964,0.8854488258139102,0.9997932802547108,0.831992066069825,0.000129613867910747,0.06229449449533439,0.7709968451169746,0.0171095357750582
1374,0.9022954252031136,0.9484431973053502,0.8856688187697539,0.9998121369968761,0.8319907188415527,0.0001202462089066911,0.062184416206486244,0.7711387155044485,0.017069334885915558
1375,0.9021785838560704,0.9479128937392961,0.8852126754806876,0.9998250332745638,0.8315464568464723,0.00011326491888515496,0.06252986533814166,0.7706230532275271,0.017173412813740283
1381,0.9027386681489684,0.9491921862787875,0.8863808486021961,0.9997955560684204,0.8328443765640259,0.00012768197201593366,0.06160476336996239,0.7718646254048382,0.016882795443996776
1388,0.9014162037710446,0.947533299631952,0.8850018401263552,0.9997447295622393,0.8313547732078865,0.00015404460423774758,0.06263194547360201,0.7704546130854392,0.017224713390296874
1389,0.903100560237627,0.9492505327762238,0.8862895357365529,0.9998551065271551,0.8327098692933175,9.713993929633741e-05,0.06174808435411337,0.7716292932925415,0.016914018552037658
1393,0.9036128987309027,0.9501623677356698,0.8870097232025252,0.9998554316433993,0.8331642624450057,9.674438509440127e-05,0.06122652773397514,0.7723345745014606,0.016747284470054427
1401,0.9014749848948537,0.9473837867322715,0.8849151586913613,0.9997490644454956,0.8311015481818214,0.00015113235430261638,0.06270052223320466,0.7702520668401197,0.01725737813319954
1408,0.9031445906265935,0.9495368522582719,0.8866684709714989,0.9998231909491799,0.8330900571117663,0.00011351371217137462,0.061396722513509076,0.7721669595070314,0.01681520799758918
1411,0.9016802751970624,0.9474252674452925,0.8848331086870167,0.9997975067658857,0.8310000210592192,0.00012768684185478682,0.06280635853847824,0.7701672966706365,0.0172748399354629
1422,0.9028382633361015,0.9488405118821306,0.8860127024954674,0.9998372793197632,0.8325123117394644,0.00010630046987595658,0.06190669069807213,0.7714601930323264,0.0169681086920518
1426,0.9020140521632953,0.9479255430776075,0.885371407240215,0.9997826597907327,0.8317240215327641,0.00013453949415836379,0.0623133286654231,0.7708833598089643,0.017136450196905923
1431,0.901705229447736,0.9476211612521147,0.885029260300995,0.9997782165353949,0.8314070456648526,0.00013703245713259093,0.06260968690895172,0.7704184166081387,0.017211389080086834
1434,0.9025046527315397,0.9480359114033243,0.8854310369098253,0.9998371709476818,0.8317719828592589,0.00010617040202810636,0.062349800244871384,0.770778291007074,0.01712845002444481
1435,0.9031683248916786,0.9487343030235161,0.8861167517953963,0.9998515302484686,0.8326595907341945,9.784778578452663e-05,0.061797009354614345,0.7715175132896928,0.01695583136916013
1441,0.9028197417367126,0.9487021098877237,0.8859903347906268,0.9998275258324363,0.8322358604979843,0.00011089487310932277,0.06191088528518216,0.7713501183346393,0.01699177312830799
1444,0.9021604504339142,0.9480040031625389,0.8854395103227178,0.9997958811846647,0.8317083936848053,0.0001276155079621175,0.06230725006884839,0.7708388568452317,0.01712552170363181
1445,0.9033448346247771,0.9492729825027765,0.8865215283081699,0.9998489293185148,0.8331125827684795,9.943312791923138e-05,0.061506871897054,0.771972829767832,0.0168554818694967
1449,0.902728409179247,0.9486166983646211,0.8859184423557745,0.9998230825770985,0.8322041197998884,0.00011327430103038851,0.061950834580214616,0.771348247999946,0.01700640392011152
1459,0.9030007986888227,0.9492059182181256,0.8862016438140029,0.9998496879230846,0.8325296640396118,0.00010022302194556687,0.0618205950202712,0.7715765388522207,0.01693362839024508
1463,0.9020028504774373,0.9477522129553407,0.8850023137953988,0.9998287179253318,0.8313379059099171,0.00011193698163778106,0.0627081886113408,0.7703556503762241,0.017223197871648423
1467,0.9025927135094726,0.9488716224168965,0.8859720722174982,0.9998260086232965,0.8323827083796671,0.0001131658084179637,0.061961854258215564,0.7715254897170614,0.016984964106651426
1474,0.9029028671184012,0.948736126351561,0.8858951273128466,0.9998501214114103,0.8324294302561512,9.954706365533639e-05,0.06199917304946715,0.771388900274604,0.016995647521999033
1484,0.9022643710244974,0.9482757929992294,0.8856864497841576,0.9997907876968384,0.8321528712364092,0.0001301220694990156,0.06209768660097236,0.7712045072777787,0.017053932819460972
1493,0.9019415739285609,0.9482148824467299,0.8853895119236624,0.9998003244400024,0.8318909161711392,0.00012697947002177694,0.062404756445482545,0.7709022831952733,0.01711970020185557
1498,0.901518571652697,0.947046471043968,0.8843227039775019,0.9998365207151934,0.830633628858279,0.00010867115674449856,0.0632808208465576,0.7696495990294902,0.017398799810075204
1501,0.9023359065430954,0.9479748868928222,0.8853833015962008,0.9998190728100863,0.8318364342598066,0.00011563013180825187,0.06235761473695915,0.770809151529514,0.01712769496818595
1505,0.9022974769970579,0.9482428591364187,0.8854866140776173,0.9998192895542491,0.8316518100973678,0.00011627107657356343,0.06232331747032073,0.7708347861167815,0.017112805583129085
1506,0.9020130539932684,0.948133516432727,0.885325829752234,0.9998029253699563,0.8313853822342336,0.0001251184518575125,0.062479678406772834,0.7706294343694221,0.01715737552692472
1509,0.9027000167873693,0.9485300902824892,0.8857135015495412,0.9998478455977007,0.8321275433448896,0.00010115463444688228,0.06216425493539097,0.7711269984076932,0.017050950437340655
1510,0.9020761050666372,0.9477929529413436,0.885157624611833,0.9998179890892722,0.831456677554405,0.00011684556961376479,0.06256796617105782,0.7705673282556346,0.01718997269319324
1511,0.9013609716962202,0.9474272617103416,0.8849949982401686,0.9997214837507769,0.8312725383941442,0.00016441638702720715,0.06261825381991375,0.7704547781149709,0.01723368756731148
1514,0.9016735652763257,0.9478315847042946,0.884972420015753,0.9997942556034435,0.8310020149570623,0.00013028569608448175,0.06274661529495054,0.7702580079032633,0.01723289917324644
1524,0.9021259581140941,0.9480516945867129,0.8853409871616318,0.9998143044385043,0.8316034715469569,0.00011920038943773964,0.06243581890341746,0.7706939609163421,0.017149543845538077
1527,0.9021168082221804,0.9481839998279697,0.8853722493185149,0.9998101862994108,0.8316340266841733,0.00012134215689406524,0.062403263456850155,0.7707780709676983,0.017131199041921875
1538,0.9011953863795278,0.9468662464625316,0.8843836493944558,0.9997755072333596,0.83059989426234,0.0001390678771713283,0.06316714042640593,0.7696642316479733,0.01739054014333897
1539,0.9023466091439398,0.9484052492904161,0.8856477668122569,0.999817122112621,0.8321321778101465,0.00011748026372515596,0.062189523175538296,0.7711090101887308,0.017062634887895417
1540,0.9018831809819845,0.9481059955750496,0.8854576150061652,0.9997665123506025,0.8320315129136386,0.00014289411572260884,0.062257874801934475,0.7709849629906875,0.01709491579551613
1549,0.9013327456660137,0.9472295445754746,0.8846715349132273,0.999767704443498,0.8308254741642573,0.00014303943417972833,0.06293393797185047,0.7700072730346685,0.01732118489218211
1562,0.902302246031631,0.9478207017150267,0.8852115176230253,0.9998368458314375,0.8315720002945155,0.00010690836138059644,0.06251567602157591,0.7705730492794024,0.01718455935428724
1563,0.9030712805835033,0.9489580595620242,0.8861870127035425,0.9998451362956654,0.8325882954140233,0.00010174881026614457,0.061789917658610506,0.7715445781329022,0.01693783526097612
1567,0.9031242945027121,0.9488627336926776,0.8862851148254786,0.9998334862969138,0.8328352693009051,0.00010723497345881899,0.06162516162338026,0.7717758395167487,0.0169176875127609
1574,0.9015240061339548,0.9470550178941785,0.8845094348405003,0.9998071518811312,0.8307650105593956,0.00012301580338518962,0.0630729162549398,0.7698525853535609,0.017362201206043447
1576,0.9020929630493145,0.9476601918680756,0.8851319938535803,0.9998169053684581,0.8314630903609812,0.00011712188057168128,0.06256817353059009,0.7704849785192839,0.017203445671998403
1577,0.9025120835528514,0.9485547052110951,0.8858503392732717,0.9998118118806318,0.8322033653520557,0.000119618147639105,0.06202085100742707,0.7712407037550791,0.01702267096748318
1590,0.9025184052963554,0.9485020566137992,0.8855440332916904,0.9998549981550737,0.8319436736302834,9.816459654151306e-05,0.06234667800277112,0.7708396269830466,0.01709760264248978
1591,0.9022368658948661,0.9479965958923565,0.8853259350120215,0.9998214569958773,0.8317381404850581,0.00011496542962656046,0.06242759561682321,0.7707415994411783,0.017145185603146547
1592,0.9029649754756334,0.9491956050188717,0.886406005691405,0.9998157132755626,0.832962501538943,0.00011692492949401235,0.061577154929379374,0.7719456549049347,0.016869558532900234
1599,0.9025718628466874,0.9485806876357348,0.8858071827604029,0.999829043041576,0.8323722538882738,0.00011103549432947248,0.06206790977213755,0.7713099061387325,0.01701796673272482
1604,0.9027419399285012,0.9487647298102652,0.8858813909105798,0.9998437274586071,0.8323304359227011,0.00010342053347913962,0.06204082861722233,0.7713158472018761,0.017007141856956398
1609,0.903345111894229,0.949258054004409,0.8864096371540733,0.999855865131725,0.8329072651797778,9.599296895935872e-05,0.06160130342805241,0.7717888768497582,0.0168796598881724
1610,0.9044326181385876,0.950874263379194,0.8878282233100087,0.9998686530373313,0.8346356512749031,8.834229801222034e-05,0.060498926833451504,0.7734063312905857,0.016531310448345167
1616,0.9020109467454337,0.9477601900155371,0.8850522069346667,0.9998226490887728,0.8314478397369385,0.00011485443428682629,0.0626605729381722,0.770449167110891,0.017210704303527485
1617,0.9025666501809912,0.9485425686837964,0.8856105574773809,0.9998444860631769,0.8318202675205388,0.0001031998681355617,0.06231883257986551,0.770801395141521,0.0170772458572196
1621,0.9019859924947601,0.9481213799054283,0.8855392439713599,0.99977323141965,0.8319697020805046,0.0001394996407826612,0.0622019884457071,0.7711156113700014,0.017090249403672892
1625,0.9036148950709566,0.9497622611878207,0.8870343539927967,0.9998247081583197,0.8334317680907577,0.00011112521032272423,0.061067613312997,0.7725503231093213,0.016734802615216742
1627,0.9019018689430446,0.9476125004439016,0.885086890034643,0.9997957728125832,0.8313713710602015,0.00012792583381977034,0.06258962635534354,0.7704356346892862,0.017211164725661466
1633,0.9011059392543352,0.9471174668797157,0.8848061621814205,0.9997041442177512,0.8312930701530143,0.00017295529808810292,0.06270845521645373,0.7703112574321794,0.017269768083814786
1644,0.9028018855840083,0.9485549331271007,0.885906916409045,0.9998245997862383,0.8324569676020375,0.00011211483554992203,0.061915192438895435,0.7714368138486597,0.016992786777820183
1650,0.90230928867571,0.9482526025456585,0.885734816656507,0.9997863444415006,0.8322119337238678,0.00013189843876817677,0.062061049133898254,0.771162919835774,0.01704973676099139
1652,0.9017766540585531,0.9474944969319967,0.8849983665533682,0.9997824430465698,0.8312614911223111,0.00013459185417256472,0.06262122794806238,0.7704064244621638,0.01723223692223181
1656,0.901923773229747,0.947633924548429,0.8850149975997907,0.9998115951364691,0.8312442466004255,0.0001203143373358115,0.06268136221242238,0.7704098900823309,0.017231987339196363
1668,0.9020513726315251,0.9481222915694507,0.8854960348285972,0.9997897039760243,0.8319049812343022,0.0001313489606723629,0.062280749520623534,0.7709730808644004,0.017106153339263738
1671,0.9018271725526947,0.9476672002852481,0.8851626770816322,0.999787753278559,0.8316473372995037,0.0001323392269922705,0.06252400002565728,0.7706226681586197,0.01719083767411031
1674,0.9029457329756695,0.9489821047006162,0.8861277514431884,0.9998430230400779,0.8324379986279631,0.00010340337192044697,0.06185095838035445,0.7715136075907744,0.016956851325824845
1678,0.9022093053113442,0.9478479946566986,0.885403090436248,0.9997993490912698,0.831908645695203,0.00012552092246349072,0.06229189361434384,0.7709219767193972,0.017131274727752117
1680,0.9017708314000626,0.9479332352427968,0.8850554699880787,0.9998060681603171,0.8313132785770991,0.00012436801585459357,0.06266503413039518,0.7704374500141357,0.017200782251591256
1681,0.9014921201469829,0.9471421957663244,0.8847669529105824,0.9997618523511019,0.831256048320091,0.00014463709885603748,0.06277883896626621,0.7702367741035095,0.01727668252502062
1695,0.9006056342552733,0.9463696744653078,0.8838686658841853,0.9997565421191129,0.8300139577421424,0.00015011553195007663,0.06357254608567937,0.769175909263481,0.01751921416394931
1697,0.9020254756647148,0.9478971105559076,0.8852437797478895,0.9998046593232588,0.8315238773006284,0.0001237748448248668,0.06249715585306465,0.7705688685312644,0.01717132604727785
1703,0.9019968060033853,0.947763437818617,0.8852640948868741,0.9997881867668845,0.8317257998740837,0.00013134645794505355,0.06242240570395825,0.7707802713614552,0.01715651144702944
1705,0.902799112889489,0.948892932563421,0.8861519085644163,0.9998189644380049,0.8326835713974416,0.00011554141444018266,0.061773222253983275,0.7715999730457312,0.016941358256169606
1707,0.9024046139132835,0.9484135112456195,0.885765868293815,0.9997994574633512,0.8321162266274023,0.00012559442620840855,0.06206263099090162,0.7712278864614455,0.01704328995009385
1716,0.9019639773002769,0.9477555747164235,0.8852281486694479,0.9997937137430365,0.8317395416024613,0.00012927516137198027,0.062437175627214354,0.7707391239982018,0.01716753995372209
1720,0.9022362004481814,0.9478601881629987,0.8851470460031907,0.9998449195515026,0.8317749467614579,0.00010312067469284455,0.06260104297873485,0.7705689235411083,0.01718479452097407
1726,0.9027516998132091,0.9484443368853783,0.8857296062970265,0.9998418309471824,0.8320607208225825,0.00010370701561947094,0.06211447679852864,0.7710921771764908,0.017050326930262934
1730,0.9020651806502312,0.9476274859212704,0.8850092083114791,0.9998249249024824,0.8313422709295195,0.00011346035353199113,0.06267896276640604,0.7703608763113967,0.01722838595510727
1731,0.9018428660036739,0.9476219589581344,0.8848676338973118,0.9998208067633889,0.8312354626720899,0.00011638943215075415,0.06280115085193909,0.7703448134369716,0.01724996002081387
1733,0.9019594300812652,0.9477151196254276,0.8850123661051037,0.9998253583908081,0.831440510815137,0.0001137363562722587,0.0626881339822907,0.7704075246590423,0.01722285638439054
1735,0.9018992071563061,0.9480045729525529,0.8851355200564611,0.9998163635080511,0.8316420022755453,0.00011901185886623959,0.06259948481996375,0.7706502831002684,0.017177639506950674
1740,0.9020237011402225,0.947875515514376,0.8852346221463783,0.9998162551359697,0.8318907006146157,0.00011830763085324886,0.062489762004599506,0.77079506900947,0.017160068681050893
1741,0.9017672268971876,0.9474028746977413,0.8850013138274178,0.9997711723501032,0.8313123085727432,0.0001396387085858603,0.06261203895850354,0.7703886012727332,0.017231564759977502
1742,0.9018252316665313,0.9476361467294836,0.885071364215989,0.9997887286272916,0.831309344670544,0.0001316746357689327,0.06260884562170649,0.7704481769337004,0.017217277257475433
1747,0.9013639107524106,0.9470718836785936,0.8843024940983049,0.9998245997862383,0.8305124860920319,0.00011537274541397992,0.06330544330987585,0.769681944817716,0.01740389148420267
1749,0.9018222926103407,0.9476723853743757,0.8848326876478667,0.9998378211801703,0.8311491861735305,0.0001080568419840549,0.06288264907268155,0.7701525540324655,0.017267300185135767
1750,0.9025410304836329,0.948259895857838,0.8856209255664482,0.9998264421116222,0.8320536613464355,0.00011177527833044426,0.062195139656583937,0.7709605936298303,0.017073858916316194
1751,0.9024222482504263,0.9484731112810866,0.8854896666114543,0.9998480623418634,0.8317684261766198,0.00010194801133265071,0.062417269112115877,0.7707894029955461,0.017105402788113823
1753,0.9011318916750358,0.9466157097933643,0.8840447128787541,0.9998144128105857,0.8303315263904938,0.0001204821803387151,0.06345653731420815,0.769444082252599,0.017477566233814152
1757,0.9025731937400567,0.948350891323078,0.8854969821666846,0.9998491460626776,0.8317509660982105,0.00010049787811618039,0.062351488743919915,0.7708194933801713,0.01710182663263481
1758,0.9024173128541819,0.9482192128508365,0.8856452405773573,0.9998240579258312,0.8322707806548029,0.00011343385914288875,0.0621909450694739,0.771179037720043,0.017074748224821558
1760,0.9029817225505299,0.9493871684215873,0.8864526884071546,0.999825575134971,0.8328974573579553,0.00011268771352964298,0.061581657593508796,0.7719400989106987,0.01686339734590968
1771,0.9026632508580436,0.9486145901415692,0.8859834929044402,0.9998122453689575,0.8323507521250477,0.00011883076250443183,0.061889154006199654,0.7714250417420605,0.01698989179481336
1776,0.9023738370041193,0.948491287582534,0.8855786111318792,0.9998364123431119,0.831872917201421,0.00010822379732012955,0.06228589203702397,0.7710230298026813,0.017090319683372403
1778,0.9016588699953734,0.9473352976020779,0.8847595320955647,0.9997990239750255,0.8312118592327589,0.00012676486423717707,0.062851254839495,0.7701798939248946,0.017279751405232642
1788,0.9022467366873548,0.9480567657178377,0.885438247205268,0.999811053276062,0.83172919488933,0.00012024036510006731,0.06231913473232682,0.7708850101042819,0.01712980966632383
1789,0.9025912717083225,0.9481146563832628,0.8854805616398369,0.9998482790860262,0.8318649954991799,0.00010064028083434096,0.06233652923480573,0.7707786760759814,0.01712077962595833
1791,0.902879853753891,0.9487171523440939,0.8861672238634953,0.9998149546709928,0.832598426570631,0.00011674812352187776,0.06173294118369917,0.7715749435667469,0.016946950898411542
1797,0.9011751457095369,0.9470855016599288,0.8849010012499445,0.9996930902654474,0.8314191707193035,0.0001775814230818974,0.06260531458509973,0.7704494971699545,0.017250580824826226
1803,0.9035973716415946,0.9496463658989678,0.886957040678889,0.9998314272273671,0.8335498930656746,0.00010775475170198156,0.061095962323338145,0.7724624723885785,0.01674603475283362
1806,0.9014876283818617,0.9471876080304423,0.8846396411976193,0.9997942556034435,0.8311190082602304,0.00012973714264161471,0.06293592862336031,0.770074330034409,0.017311714252161974
1808,0.902756579755563,0.9488233612027085,0.885961072569706,0.9998393383893099,0.8325553152659169,0.00010585470085465608,0.06193686447229729,0.7715174582798489,0.01698696527604394
1812,0.9013608607884394,0.946820606282408,0.8842800211336768,0.9998083439740267,0.8304140306498906,0.0001226811406619769,0.06325174904013253,0.7695492060643332,0.017417362660964254
